Name,w,w1,v,mvc,v/mvc,l1,l1w,l2,l2w,linf,linfw,R,R^2,BLACK%,HISP%,TotPop
New YorkNY,0.1762042389210019,6.728472756800135,5.064414303063704,1.0498443311216545,4.8239668996001335,629.1610361425999,0.26738675569171266,17.030753485703848,0.00723788928419203,1.0,0.00042498937526561835,-0.052585183185689846,0.0027652014906725583,22.16366789330785,28.195778603746767,8934153.0
Los AngelesCA,0.4047497145032356,7.968404304599623,3.9621556147388923,1.1719054810494676,3.3809515176861304,470.6811507153036,0.37444801170668546,16.40186964243601,0.013048424536544163,0.9714534757027675,0.0007728349050936894,-0.0030749670397490127,9.455422295542807e-06,9.045144681849411,44.82816646400749,4522371.0
ChicagoIL,0.2612288045820822,2.419839618342151,2.433320921840821,0.5150315429877487,4.72460561876441,389.1466461329974,0.45781958368587927,16.623194007716986,0.01955669883260822,0.9752487260373696,0.0011473514423969054,-0.49318761453757576,0.24323402313326442,27.46935885314659,29.93497168271379,3016532.0
HoustonTX,0.26029244615588465,6.219022731019685,3.6443689698692707,0.913788107975125,3.988199165717833,296.8514427774891,0.3121466275262767,12.503575647533339,0.013147818767122333,0.9577795152462861,0.0010071288278089233,-0.21839652626803396,0.04769704268594405,20.511568197287115,42.3450070989115,3896372.0
PhiladelphiaPA,0.38914373088685017,2.2081204860807495,1.2935655082454354,0.555803790525632,2.327377988951984,148.57816997953503,0.3331349102680158,9.962172056092054,0.02233670864594631,1.0,0.002242152466367713,-0.19801862613823482,0.03921137629767401,38.48361148750632,14.120665118717698,1762332.0
PhoenixAZ,0.596110924643394,3.7243524105118637,1.2389312861856203,0.5162498969954095,2.39986737701303,132.32471068380997,0.31581076535515507,8.238029116040982,0.019661167341386593,0.9059654844408208,0.002162208793414847,0.2795864862348656,0.07816860328515869,7.521771038273307,39.61732269764578,1793208.0
San AntonioTX,0.4480022409044405,1.699795142540328,0.7031385709248585,0.3274647639652029,2.1472190241499556,196.8921377500279,0.5484460661560666,11.360014259613505,0.0316434937593691,1.0,0.002785515320334262,-0.28598612835005954,0.08178806560865673,7.933187376649409,59.90907467616624,1909699.0
San DiegoCA,0.4856881344649692,2.937889904043603,1.0371715874152752,0.585727757713652,1.770740030255358,91.38393853729184,0.23922496999291057,6.284498994333859,0.016451568047994396,0.9657180895323682,0.0025280578260009636,0.33324728194020725,0.11105375092053599,5.7593852514703885,30.436251625676963,1648544.0
DallasTX,0.29256783084008714,3.843986792849618,2.2932280789814903,0.7341713870467959,3.123559593089019,121.88545508864122,0.2708565668636472,8.035363119065481,0.01785636248681218,0.975,0.0021666666666666666,-0.11026816531600805,0.012159068282158481,21.419853208725396,39.172391444146484,1783621.0
HonoluluHI,0.13969890943575153,1.3006598052499398,0.17887246195946124,0.11880695224602943,1.505572347222965,23.682474343154897,0.0722026656803503,1.5909784912388707,0.004850544180606313,0.6666666666666666,0.002032520325203252,0.6564119342126749,0.43087662737682497,2.038646031315051,9.08226988867771,1016508.0
San JoseCA,0.3809369602763385,2.23197154023882,0.8762978611392155,0.33818427317690924,2.5911845424012694,69.59527680852239,0.2687076324653374,5.256853200620201,0.0202967305043251,0.7471934369602763,0.0028849167450203717,0.27561657866933537,0.07596449843738994,2.6821302480992526,28.718843293752467,1247404.0
JacksonvilleFL,0.46783749471011427,1.6187611588524307,0.5717910280671246,0.3130133621029446,1.8267304124833894,48.18727019687181,0.21705977566158471,5.100582717263392,0.022975597825510775,0.9149386373254338,0.004121345213177629,-0.3243221760019748,0.10518487384665594,28.241411522476838,11.14757692454341,1049080.0
IndianapolisIN,0.21985152188113188,1.348149242317851,0.6753004242704209,0.24743139832173439,2.7292430501982192,49.90599373581213,0.18415495843473112,4.409612466448662,0.016271632717522737,1.0,0.0036900369003690036,0.16900732931656448,0.028563477362717676,24.522097584264984,12.014002287733039,1116389.0
San FranciscoCA,0.1243211141191678,0.9315829169342813,0.3604820043154544,0.10548513320031516,3.417372603880614,27.224473741425463,0.11112030098541005,2.2685065629973877,0.009259210461213828,0.4895906432748538,0.001998329156223893,0.26772027637756407,0.07167414638367929,5.280121828232075,15.627660219623241,890434.0
AustinTX,0.4285564115802937,2.119710662685371,0.7522336433631912,0.35146659004210923,2.1402706962077565,67.2143382539159,0.2444157754687851,5.075423583184042,0.01845608575703288,0.7922555115884681,0.002880929133048975,0.3849945589492546,0.1482208104205311,7.278586036345519,31.89686968889746,1244445.0
ColumbusOH,0.42467948717948717,2.0803785889845865,0.7530878621166514,0.3630023868514698,2.0746085684136104,61.65980762900254,0.20216330370164767,5.22102021233336,0.017118099056830687,0.8087606837606838,0.0026516743729858485,0.1961136360565446,0.03846055824731883,23.713658646908737,7.040435379523656,1255732.0
Fort WorthTX,0.40318575159159575,2.5580441772990565,1.088506283595466,0.6076136505902964,1.791444748711591,61.29478518456694,0.23043152325025165,5.28722198123288,0.019876774365537142,0.9377577802774653,0.003525405189013027,-0.10042513572954195,0.010085207886296924,17.196197687679515,32.93360797492792,1253027.0
CharlotteNC,0.1544656474351821,1.6475943043761525,0.908465943546458,0.2860163996627387,3.1762722159208066,52.8693427297901,0.19155558960068877,4.467671592124742,0.016187215913495444,0.771342484097757,0.0027947191452817283,0.22425816505592502,0.05029172459425051,31.648567060022735,15.818598816011292,1020280.0
DetroitMI,0.33297189905299673,1.4128219281868883,0.8981150268273326,0.2961975499893256,3.032148736070568,232.5494543227142,0.704695316129437,13.866470210674011,0.042019606699012155,0.9580663948747815,0.00290323149962055,-0.5343184181664598,0.28549617199190774,68.48576301367537,7.25325751271831,824402.0
El PasoTX,0.48618441477801927,1.30727169721124,0.717711580526497,0.2960638086184836,2.4241787061901947,121.3534997416064,0.772952227653544,9.950129646721274,0.06337662195363869,0.9664179104477612,0.0061555280920239566,-0.7275180257280197,0.5292824777591956,3.7852703580499885,80.62274633820216,737411.0
MemphisTN,0.39114565230952947,2.051424248402466,0.8315344622974707,0.4341733597447318,1.915212998757832,116.31844079915632,0.5512722312756224,9.276315179726863,0.04396357905083821,0.9595934556271691,0.004547836282593218,-0.2970614403274327,0.08824549932940887,58.571232717800534,9.259620556194172,758584.0
BaltimoreMD,0.34114138885728373,1.6099001447896615,0.9211560805374381,0.4555671336874079,2.0219985429622738,119.94784907241707,0.5403056264523292,9.507071689510552,0.04282464725004753,0.9631610219845513,0.004338563162092574,-0.42550162920378487,0.18105163645507524,54.82356448187205,7.671796400491858,670925.0
BostonMA,0.2727272727272727,2.0887852547702934,0.6258013710389149,0.3615684566261452,1.7307963666918584,29.37557032661186,0.11941288750655228,3.0013506632804337,0.012200612452359486,0.6602323503127793,0.002683871342734875,0.38546190384967033,0.1485808793194125,17.769172441091328,17.019133097110483,838756.0
SeattleWA,0.14643535476868808,0.8045933146339573,0.14476703778830294,0.07621039139691058,1.8995708476858908,10.272602840019676,0.05493370502684319,0.9902159010123093,0.005295272197926788,0.2978395061728395,0.0015927246319403182,0.3723415894668497,0.13863825924670004,7.32091146207718,8.516204226653796,779056.0
WashingtonDC,0.4768465365480291,2.4082087580372686,1.0767026274585343,0.6222199507638139,1.7304212539903527,70.20772949593173,0.3408142208540375,6.863537557142018,0.033318143481271933,0.944890129054761,0.004586845286673597,-0.31796245693128594,0.10110012401777986,41.4490714891704,11.261338998905075,689545.0
NashvilleTN,0.3371988345436917,1.525726493163545,0.6978074574580605,0.4129243733054969,1.689915884286628,32.96251091138141,0.16318074708604657,3.6883999012363438,0.01825940545166507,0.8863965267727931,0.004388101617687094,0.028522110836277315,0.0008135108065568878,21.41544661064205,12.571571660926251,862597.0
DenverCO,0.4326720377994707,1.7491713737950882,0.6511732127485633,0.40633483857963937,1.6025532416190718,47.935921084268095,0.2031183096791021,4.364379441047372,0.018493133224777,0.7931793179317932,0.00336092931327031,0.10705873073808628,0.01146157182725006,8.462228428713377,29.052286704084647,930925.0
LouisvilleKY,0.18874160170261567,1.1096822931183028,0.6940864922557409,0.24078506011171583,2.882597831998834,40.053206407946966,0.18123622809025777,4.558350296819744,0.020626019442623274,0.9351817159985014,0.004231591475106341,-0.08979593097297209,0.008063309219302768,21.017721140922895,7.377047140225994,803560.0
MilwaukeeWI,0.13851219663335745,0.5643637070545683,0.6384803234677984,0.13817107064582862,4.620940696800441,102.11484451858543,0.38975131495643295,8.07436431206002,0.03081818439717565,0.9205334815226451,0.003513486570697119,-0.41561777707170144,0.1727381366180225,30.47602057121442,17.479114980870104,779147.0
PortlandOR,0.12456157062569395,0.737288510966476,0.09418873170942503,0.05997091135300129,1.5705736261870444,11.96074424566578,0.06362098003013712,1.0544710683605816,0.005608888661492455,0.2446562680531485,0.0013013631279422792,0.47779090152821746,0.2282841455831468,5.406622730975707,11.133754934932009,765968.0
Las VegasNV,0.28581136203681057,1.5459819302548814,0.593115849010944,0.2989463121860818,1.9840212935684378,45.38148837952483,0.23272558143346067,4.387460027169282,0.02249979501112452,0.8442871587462083,0.004329677737160043,0.14742200280122306,0.021733246909923818,12.792868374508462,35.947592168753026,815298.0
Oklahoma CityOK,0.16718761013336314,1.2572338972412989,0.7181593177155441,0.14072549093739556,5.103263900035219,52.20736381433998,0.19053782413992693,4.755439089996809,0.017355617116776675,1.0,0.0036496350364963502,-0.19241453093614405,0.03702335171537634,12.458885273203387,18.358697914954693,912690.0
AlbuquerqueNM,0.45889487870619944,1.1489943320940847,0.5948714778472554,0.26040996889368834,2.2843652275466844,74.90652032920565,0.43804982648658275,6.2879912736294905,0.03677187879315492,0.9079065588499551,0.005309395080993889,-0.027287813191676433,0.0007446247487838303,3.2208299790814388,48.69296400152026,668306.0
TucsonAZ,0.44957350727546413,1.2090906213811459,0.5087317937346907,0.2505112625620458,2.0307741397802013,60.029262819638916,0.3510483205826837,5.5479113586210484,0.0324439260738073,1.0,0.005847953216374269,-0.13990637240880383,0.019573793040590905,4.907683000970011,41.076123998497465,662879.0
FresnoCA,0.5728446741701005,1.1950139262434116,0.45092067743846376,0.23331310188030036,1.9326847648264753,62.834851105218114,0.43635313267512577,5.578111671656495,0.03873688660872566,0.8336684335587644,0.005789364121935864,0.32474965387223004,0.10546233769013322,6.666757572865106,49.963410255128245,660021.0
SacramentoCA,0.1779708202522048,1.2844507624523993,0.34169413781650015,0.14126983198566334,2.418733943501658,28.047182982957295,0.17206860725740672,2.634321167660089,0.016161479556196862,0.5127976852882261,0.0031459980692529208,0.18600109375842272,0.03459640687932956,12.427609187619167,29.26073759926822,673428.0
Long BeachCA,0.3193758670940491,1.4621502764207586,0.6847302608352956,0.3625169656253278,1.8888226642142452,44.341084600340366,0.31447577730737847,4.232644938500562,0.030018758429082002,0.8737225012991512,0.006196613484391143,0.2143800924557543,0.045958824041337755,11.984971314858042,44.093763872080636,592467.0
Kansas CityMO,0.2410809736695303,1.0954384674493882,0.566838218775183,0.226692912996599,2.5004673118461676,43.72586478397051,0.20432647095313322,4.514650335077311,0.021096496892884634,0.8107692307692308,0.0037886412652767794,-0.00783753208847672,6.142690923790226e-05,22.643101217623695,11.055151190870511,706458.0
MesaAZ,0.38933400100150223,1.5683695750481437,0.41677076289914566,0.21156275999116705,1.9699627803898296,31.465861968886422,0.21118028167037867,3.1998940395238793,0.021475798922979055,0.7546319479218828,0.005064643945784449,0.2607652073267984,0.06799849335218816,4.009951421435595,25.931815650079347,619409.0
Virginia BeachVA,0.30773930753564155,1.3373376450578092,0.33375586369091625,0.21246825996028146,1.5708504590441328,13.714763205114519,0.10971810564091615,1.7509447277090227,0.014007557821672182,0.5364507696776067,0.004291606157420854,0.4498936053402079,0.20240425612601073,19.614870077240816,8.650189928422861,512035.0
AtlantaGA,0.5727527572620673,1.790041978322885,0.7929856006829817,0.37983570077753154,2.0877068665734257,86.88421417710768,0.4177125681591715,7.909502499537374,0.038026454324698915,0.9681712962962964,0.004654669693732194,-0.2996093949485312,0.08976578954142497,46.12062930028568,6.427714963988251,621325.0
Colorado SpringsCO,0.2725258493353028,0.7728361162414219,0.15159479673025034,0.0979507990697948,1.5476626854491664,16.293757608114575,0.1206945008008487,1.5954875837628888,0.011818426546391769,0.4694731659281143,0.0034775790068749205,0.7724604630923109,0.5966951670407874,5.901876223801426,18.155249668361613,582713.0
OmahaNE,0.10198729986260546,0.5438068059986292,0.3543570844577765,0.10087936331173623,3.5126816112304993,23.91383903983491,0.1476162903693513,2.954897226922242,0.018240106339026188,0.7286863270777479,0.004498063747393506,-0.02441073963246938,0.0005958842094042113,11.321586599519053,14.154047212946585,569293.0
RaleighNC,0.23249338646353213,0.762721724583273,0.2338217162414672,0.15530790447233983,1.5055364827429667,14.745302889641653,0.1161047471625327,1.8840948300172193,0.01483539236234031,0.5183859420761472,0.0040817790714657255,0.602512691895508,0.3630215438951714,24.30510416736469,13.196654850533736,596924.0
MiamiFL,0.2610555215177973,0.9515034889019851,0.8222768522019855,0.2957486140474263,2.7803236030385086,95.47257185895921,0.6281090253878896,8.389790704627812,0.05519599147781455,0.954140127388535,0.0062772376801877305,-0.6187536492462447,0.38285607845554476,14.348119697801037,67.96387885950203,521246.0
ClevelandOH,0.44779126013738013,1.3660487988220962,0.5890326648202794,0.35316494014820804,1.6678684599130589,89.56181653795753,0.4455811768057588,8.296177125278115,0.04127451306108515,0.9626988480526604,0.004789546507724679,-0.548558104265895,0.30091599375579253,43.83298151675849,11.314421047212068,485575.0
TulsaOK,0.13911887979227305,0.7855358703950783,0.4000556974182364,0.12123392207255107,3.2998659993762107,21.92852549957141,0.1379152547142856,2.7653951985321967,0.017392422632277967,0.7298682284040996,0.004590366216377985,0.004868079344606969,2.3698196505389013e-05,12.923836973256314,17.218785298811348,497538.0
OaklandCA,0.23540372670807452,0.8940286228173204,0.26079289223137964,0.18147355270697185,1.4370848442719693,19.29047322243473,0.1348984141429002,2.338334323282066,0.016351988274699764,0.6624651912648396,0.004632623715138739,0.26436180673925547,0.06988716486244345,18.88259522453839,26.367269823194047,540932.0
MinneapolisMN,0.4396152063050533,1.2335617838082862,0.4517555974560188,0.3318574598211765,1.3612940860194922,16.41297548057774,0.11319293434881199,2.2397976394608548,0.015446880272143826,0.8581363004172461,0.005918181382187904,0.2994408324825799,0.08966481215786049,17.924938670261543,9.982051744272626,510356.0
WichitaKS,0.1295372498727514,0.5271190185674117,0.3874969352748084,0.10889913010751308,3.5583106576906856,15.80390210140348,0.1306107611686238,2.024815710192598,0.016734014133823125,0.780563293098112,0.006450936306595967,0.10601937518784642,0.011240107915221344,9.940226588018207,17.02930077788515,457394.0
ArlingtonTX,0.22242753161859863,1.060953482848626,0.4751383906599857,0.2318115834816828,2.0496749279033764,18.44734257425887,0.16325081924122892,2.406457258024319,0.02129608192941875,0.7318421713998492,0.00647647939291902,-0.10386097213087826,0.010787101531971072,24.813470070773906,28.726568616915117,521096.0
BakersfieldCA,0.46738509848701115,1.311648106834811,0.6091276568456266,0.2868765232187913,2.1233095340501773,67.36981556084194,0.4881870692814633,6.2317384196700765,0.04515752478021794,0.9313445618041679,0.006748873636262086,0.2966692704849771,0.0880126560500885,6.116386909435696,55.343412494999924,539992.0
New OrleansLA,0.48687423687423687,2.6362361096766365,1.115217478105086,0.5532766777720651,2.0156596562064473,86.74925296769425,0.43812754024088,7.666338631037536,0.03871888197493705,0.9578754578754578,0.004837754837754837,-0.41896869811365905,0.17553476999905437,50.57525545045859,8.847359380714938,431982.0
AnaheimCA,0.45638526350569963,1.3228643387043235,0.736167258102025,0.28949123895665196,2.5429690402902234,45.81346308133635,0.46276225334683185,5.033802245824817,0.05084648733156381,0.9048405749215265,0.009139803787086126,0.02518404996100821,0.0006342363724385577,2.497140470959894,50.13544181993137,550790.0
TampaFL,0.22853295391638162,1.087541334875522,0.6760854526020461,0.13012508651814975,5.195658044828629,30.091926882935766,0.2089717144648317,3.4518510261016293,0.023971187681261316,0.7970631424375918,0.005535160711372165,-0.10643285652057459,0.011327952947129218,20.267522739432852,28.033299779633815,551355.0
AuroraCO,0.34842053176995236,1.0874855833370356,0.3133461644061453,0.23379519516046546,1.3402592135868319,16.545156745365983,0.13342868343037081,2.131798333809516,0.017191922046850935,0.667601683029453,0.005383884540560105,0.3218200911506487,0.10356817106821183,15.905271642973762,28.484086701687993,585548.0
Santa AnaCA,0.478034188034188,0.6101070667351327,0.3704034183593784,0.23068274694646804,1.605683230594327,47.51882410271732,0.6599836680932961,5.9550262790445885,0.08270869832006372,0.9528205128205127,0.013233618233618231,-0.4298678832315908,0.1847863970340086,1.3435833341284,67.9984830126034,419252.0
St. LouisMO,0.48373015873015873,0.9096821679019993,0.4680695190072119,0.25898583069354414,1.8073170943512922,56.01987123707793,0.459179272435065,6.517091694006422,0.05341878437710182,0.9650793650793651,0.00791048659901119,-0.46133207452651953,0.21282728298694217,43.21551617641003,4.75807447874487,364265.0
PittsburghPA,0.4607538035961272,2.0509730810826996,0.9598134669436205,0.6091116908726092,1.575759390808274,32.416101663646565,0.19068295096262686,4.169945460050563,0.024529090941473902,0.9097510373443983,0.005351476690261167,-0.1059232562457707,0.011219736213707202,19.79066606252832,3.4478930675124606,441400.0
Corpus ChristiTX,0.5438290894152351,0.9582966771940317,0.40596679928300505,0.28841727436475867,1.4075675604977202,50.859326253256064,0.5297846484714174,5.616966432061143,0.058510067000636906,0.9217439910564562,0.009601499906838085,0.0888437918853766,0.007893219356572109,3.990178192500813,59.084896352923664,362866.0
RiversideCA,0.46497405485544846,1.3491377350308733,0.6711859065240546,0.3044513299999836,2.20457537999289,45.30044907141017,0.48191967097244864,5.068792276615539,0.053923322091654666,0.9106745737583395,0.009688027380407867,-0.297389803919294,0.08844069547515612,6.721241543676131,54.318231347401316,431334.0
CincinnatiOH,0.575178068582759,1.8486755573261668,0.8452805159937707,0.3975252045639981,2.1263570367088205,44.23022046495536,0.30088585350309766,4.8723252773610755,0.03314506991402092,0.8690702087286527,0.005912042236249338,0.027597547107803905,0.0007616246063674556,32.04449416892645,4.34668685221847,480872.0
LexingtonKY,0.12883907151888574,0.5932614443509969,0.17891170899193357,0.10099949928337007,1.7714118412604054,7.338606779251501,0.07488374264542348,1.116846292153607,0.011396390736261296,0.3914455874390904,0.00399434272897031,0.508009910797123,0.25807406946810085,13.064802717533317,8.702900444212176,382700.0
AnchorageAK,0.0275379275229809,0.094851559083589,0.009975641319140832,0.005453451256691601,1.8292345249992517,2.5873436692907625,0.0392021768074358,0.366842104722547,0.0055582137079173794,0.11653927107566192,0.001765746531449423,0.7574121260309364,0.5736731286587031,4.739875821249654,8.793415818283806,310198.0
StocktonCA,0.4066931857488758,1.0320555212027318,0.31656438765191036,0.2055152791284946,1.5403447811487747,31.48306269769505,0.35374227750219156,3.7887781215995138,0.04257054069212937,0.7781917536015897,0.008743727568557187,-0.22939377067776415,0.05262150202576265,11.248378950242305,45.58126483592322,395577.0
ToledoOH,0.5353493047411626,1.0689948433269372,0.45200423726901273,0.27358855184407865,1.6521314003175662,31.131718371379485,0.23232625650283198,3.8731150959996823,0.02890384399999763,0.8635547576301615,0.006444438489777325,-0.18445042025930913,0.03402195753383576,25.098845187445562,8.568671558276366,319186.0
St. PaulMN,0.40168539325842695,0.9532545955252436,0.32143951512781826,0.23392877189563463,1.3740914062132803,10.010777096379536,0.09269238052203274,1.560550223152835,0.014449539103266991,0.7927590511860174,0.007340361585055717,0.16437651153521884,0.027019637544487933,14.928440925700365,9.106780349167682,394080.0
NewarkNJ,0.20946185753988528,0.8143500455689914,0.6534399139201504,0.17213150625324108,3.7961668270003113,63.8513267283433,0.5276969151102753,6.297319606512261,0.05204396369018397,0.8438607462997707,0.006974055754543559,-0.827241073531174,0.6843277937370092,49.21361985363846,33.21449659145807,447112.0
GreensboroNC,0.5278257625267019,0.9897909004762014,0.381064435231279,0.2551636666718894,1.4934118176052207,24.10939153214256,0.25924076916282324,3.2613292263242073,0.035068056197034486,0.8169984686064319,0.008784929769961633,0.44478278486233314,0.19783172570989252,35.64020347168616,9.47563485937098,404184.0
BuffaloNY,0.26672340905917546,0.7853856542876848,0.4576507944789804,0.22491596039291,2.034763534252978,28.12669079119486,0.2628662690765875,3.9265998423957873,0.036697194788745675,0.8186500406614259,0.007650934959452578,-0.12371259053566601,0.01530480505704536,31.660646182629343,11.399582643736059,347425.0
PlanoTX,0.3785116267891536,0.8556167401397209,0.19016291878348124,0.1745278645444167,1.089584859586049,6.239261078183,0.06932512309092222,1.158880300228935,0.0128764477803215,0.5672339629698897,0.00630259958855433,0.4135807606324251,0.17104904556529532,9.397332989826287,15.390725846489921,372627.0
LincolnNE,0.08607731984872014,0.26995093659168,0.06592654062810131,0.02859285494860679,2.305699824190296,3.6679197419647447,0.04584899677455931,0.5943282659091107,0.007429103323863884,0.25,0.003125,0.46441446108959383,0.21568079166913787,4.327454792371026,8.081444627547114,317369.0
HendersonNV,0.19848211603859145,0.5384485807081215,0.0806235164943112,0.06017410267421733,1.339837453510641,10.846091348605613,0.11789229726745232,1.2349500850127686,0.013423370489269225,0.3345001944768573,0.003635871679096275,0.7042576748177204,0.495978872539662,7.341063812386775,19.357588764618562,403511.0
Fort WayneIN,0.1901535790250467,0.30428591021924556,0.08618664572290022,0.08760439642709437,0.9838164434432919,5.134638702918637,0.06186311690263418,0.9189544421684567,0.01107174026708984,0.37219047619047624,0.004484222604704533,0.7038063671651018,0.4953434024621381,12.987001392707926,9.352866954731041,336036.0
Jersey CityNJ,0.1539955753468097,0.5767753829805493,0.3562891059259625,0.05415016430708713,6.579649581586435,17.517602280227464,0.19682699191266814,2.476143412863823,0.027821836099593517,0.6788307222009935,0.007627311485404421,0.03924280211018137,0.0015399975174588555,17.987135214078535,27.165586843123506,343729.0
St. PetersburgFL,0.43197823303457106,0.7425308215212284,0.30540522537875464,0.20535951047025666,1.4871735167239217,13.657152043957703,0.14079538189647117,2.5084115076038254,0.025859912449523972,0.8301010652827097,0.008557742941058863,-0.33618431517739256,0.11301989377129242,18.47801752543837,9.403132380438862,317139.0
Chula VistaCA,0.5437690625698849,0.7244346235004435,0.31879392807455337,0.22801843364757302,1.3981059468520147,38.47511430236541,0.5576103522081943,4.844271372988142,0.07020683149258176,0.8692270296548371,0.012597493183403436,-0.41027117040823896,0.16832243326814625,5.306208855344285,59.422071029752054,340111.0
NorfolkVA,0.4745308310991957,1.6966134250836284,0.7536531484396992,0.5021452677472311,1.500866774710046,27.47359371670904,0.31219992859896634,4.003288274327662,0.04549191220826889,0.9132037533512064,0.010377315378990982,-0.2797116590670139,0.07823861221802142,39.72491244838375,9.833409248736196,267842.0
OrlandoFL,0.2246670343795465,1.1225650477534814,0.7107906369645771,0.2296128799331802,3.095604380605412,33.08748728081184,0.3181489161616523,3.861952728438831,0.037134160850373375,0.808282208588957,0.007771944313355357,-0.35122386005897865,0.12335819987472903,21.836467877813682,35.86127390457626,549947.0
ChandlerAZ,0.36179972672262345,0.7435074291172675,0.2153812639042127,0.1445349028171548,1.490167839782497,12.091609953615563,0.14927913522982178,1.6922985540881321,0.02089257474182879,0.6628928362287722,0.008183862175663853,0.36104939227940325,0.13035666366532642,5.684084563222975,20.825250941200256,366022.0
LaredoTX,0.4946558358272766,0.6085945531127162,0.354256154066247,0.24727902306372132,1.43261708849019,61.891270584659026,0.9377465240099853,7.656096819035949,0.11600146695509014,0.9888841385207354,0.014983093007889931,-0.9376213993954905,0.8791338886043579,0.4396793200038636,95.15348208248817,258825.0
MadisonWI,0.18184357423024056,0.3588012871792067,0.0776989700379588,0.06543441320625065,1.1874328236588598,3.0088128559072187,0.0345840558150255,0.48718767878970926,0.0055998583768932094,0.27950523964954477,0.003212703904017756,0.7250789588702848,0.5257394965964162,6.761170757287944,8.901738618644753,358503.0
Winston-SalemNC,0.38543040625206093,0.8543819136726738,0.32071803253445924,0.2640462356943467,1.2146283081487077,13.596863854831124,0.1658154128637942,2.287205289264651,0.027892747430056722,0.8151483050847458,0.009940832988838364,0.3445023772301106,0.11868188791719744,27.393704031310207,15.038350155702842,330116.0
LubbockTX,0.1851098532711003,0.8184133724180108,0.5240212884567643,0.21654961406665574,2.4198671085854087,28.626265021074353,0.2951161342378799,3.2911945412212766,0.03392984063114718,0.8663025409641415,0.00893095403055816,0.08391687874802801,0.007042042538811236,9.306144270057661,34.98994990574782,288057.0
Baton RougeLA,0.5871392735193703,1.5809123016074413,0.6527200123963152,0.3783001129714022,1.725402636730531,37.030518912022785,0.45159169404905836,5.020723803254407,0.06122833906407814,0.9572738641100458,0.011674071513537145,-0.19746353333705474,0.03899184699795413,51.52270530796586,7.067279272629462,319727.0
DurhamNC,0.4179821924107129,1.5528646734694693,0.5374098648813028,0.4223188003044678,1.2725217643492568,14.46796223972804,0.19819126355791836,2.353087444828062,0.03223407458668578,0.8161401776900297,0.011180002434109996,0.16725493902022254,0.027974214626658358,32.16636001882675,15.332106741973671,350565.0
GarlandTX,0.14133593025727886,0.9466870295160367,0.46629325886503015,0.15649142817139272,2.9796728441530735,18.33168427705436,0.23807382177992675,2.82645344793883,0.03670718763556922,0.7731914893617021,0.010041447913788339,-0.22660330088241334,0.05134905597080555,16.705683321255684,37.58448744507811,371209.0
GlendaleAZ,0.41923641703377384,0.9420867589772247,0.33394897002027163,0.19642661523996877,1.7001207785019141,31.51978604568416,0.33892243059875443,3.868965935607366,0.041601784253842644,0.8015523389972729,0.008618842354809385,0.4220242873796855,0.17810449913833137,6.77425885105043,41.19955913446399,444580.0
RenoNV,0.3258305484568508,0.9712248998493028,0.3282365368713979,0.17473671049538564,1.8784635234395455,19.952437722253308,0.2056952342500341,2.4904787695972637,0.02567503886182746,0.6076272852368783,0.006264198816875033,0.46240910775655997,0.21382218293621788,2.681622148635473,24.598664312671463,341547.0
HialeahFL,0.35683656199441194,0.7084426759140133,0.40304248742416415,0.2888697392820124,1.39523955823801,67.6332897437438,0.878354412256413,7.833817734434147,0.10173789265498892,0.95796783625731,0.012441140730614416,-0.9204117470597628,0.8471577841256048,3.528397579530665,90.81456038426964,298124.0
ChesapeakeVA,0.45213094502779494,1.7244499001382991,0.7945212004225735,0.4126487680658415,1.9254175994433143,23.613213285825502,0.28449654561235543,3.391927904431189,0.0408666012582071,0.887584928968499,0.010693794324921676,-0.04031525797995776,0.001625320025990548,33.905175729602384,6.801108226357036,332784.0
ScottsdaleAZ,0.24677341453253943,0.5596013933280354,0.09224144028797435,0.055654719128771346,1.6573875806389449,6.766560486828382,0.0805542915098617,0.9400818205186183,0.011191450244269267,0.3572583252505658,0.004253075300601973,0.7116053704246861,0.5063822032172547,2.1062323761293666,10.350463256028084,347540.0
North Las VegasNV,0.3831247353052627,0.8366722304612264,0.26522262808781133,0.24715257731643497,1.0731129368246113,14.473553559472958,0.18796822804510335,2.417726632593311,0.03139904717653651,0.8423123486682809,0.010939121411276375,-0.047919014399701296,0.00229623194103878,21.10017507023866,37.88405657596304,332438.0
IrvingTX,0.36450992953235095,1.1351515667532908,0.481935394920977,0.2777502183033856,1.7351395720400862,24.940037046852908,0.30414679325430377,3.7850656678287566,0.04615933741254581,0.8571428571428571,0.010452961672473867,-0.41220946671011793,0.16991664444543983,12.41515409260685,40.44464466416317,297451.0
FremontCA,0.2799124513618677,0.9353847321543248,0.21663181820154123,0.13098338079722394,1.653887820600005,8.441342046865225,0.12233829053427862,1.3024453854544769,0.018876020079050388,0.5481517509727627,0.007944228274967576,0.18993125923564214,0.03607388323483669,2.8001903977619502,14.604559617569157,342441.0
IrvineCA,0.15109781230183894,0.5312643641311627,0.0867178953329357,0.047395302523717577,1.829672788554104,6.308596908551061,0.10013645886588986,0.8968261767467658,0.014235336138837552,0.2873307364125394,0.004560805339881578,0.5136746736362591,0.26386167033531727,2.096880160076341,12.596519188926555,400309.0
BirminghamAL,0.4817777777777778,1.3283847726433518,0.612481191995551,0.28823409503449715,2.1249435876843314,62.634733037218325,0.5010778642977466,6.74283797712253,0.05394270381698024,0.9466666666666668,0.007573333333333334,-0.12247174942495997,0.014999329407210184,49.684009212503504,5.192218741836605,417259.0
RochesterNY,0.16720229520646612,0.5928170442641426,0.3159779892021334,0.1456900628509152,2.16883693382351,18.727971618290347,0.16428045279202058,2.7078088100672986,0.02375270886023946,0.7059760956175298,0.006192772768574823,0.4778720297624471,0.2283616768292811,29.016495569786567,15.56878271729599,338697.0
San BernardinoCA,0.45675750834260287,1.0026499436724468,0.38708453103218454,0.24364074955609116,1.588751190995124,44.81340614255757,0.5601675767819696,5.307168267025292,0.06633960333781616,0.8912680756395995,0.011140850945494994,-0.2806057197499698,0.07873956995639858,10.9094183515104,66.75291724711452,377582.0
SpokaneWA,0.10292529013606244,0.17858088241196668,0.010853500305787484,0.00817024066374289,1.328418678528297,3.204036016623512,0.042720480221646824,0.40088474886859027,0.005345129984914537,0.1558526247147049,0.002078034996196065,0.496741916186718,0.24675253129685235,2.5360868520987285,6.742245721267139,287293.0
