[StateFP][ElectionYear],State,StateFP,Election_Year,w,w1,v,mvc,l1,l1w,l2,l2w,linf,linfw,r,r^2,BVAP%,Dem%,REP%,Votes,VAP,Winner
482000,Texas,48,2000,0.4307312084462678,2.592205854727238,0.014176227787021326,0.3259309984340646,67.11746140128795,0.2642419740208187,4.714893509734182,0.01856257287296922,0.7739619496948656,0.0030470942901372664,0.17360897559617328,0.030140076407552688,13.029442650586716,37.981958091571045,59.298599468103454,6407637,18578830,Republican
482004,Texas,48,2004,0.3854059821261895,2.548228363540355,0.013506388553683215,0.32143956844546084,58.59579112101172,0.2306920910276052,4.189190347808076,0.016492875385071163,0.7435890015389727,0.0029275157540904436,0.2281783609176096,0.052065364391046906,13.029442650586716,38.22426046274135,61.08582276906154,7410749,18578830,Republican
482008,Texas,48,2008,0.4824661419823064,2.702159955910626,0.015957711875611794,0.42103984077698875,62.744124733180314,0.24702411312275716,4.652126971164124,0.01831546051639419,0.8443349777861505,0.003324153455850986,0.10449085240187196,0.01091833823566979,13.029442650586716,43.683121445889626,55.45236045232641,8077795,18578830,Republican
482012,Texas,48,2012,0.5009089804911006,2.624320076279866,0.015878674514188732,0.4533843970917752,54.363557581728394,0.2140297542587732,4.328288106611815,0.01704050435673943,0.8627778162949447,0.0033967630562793095,0.08906154644474451,0.007931959055129384,13.029442650586716,41.383358283760856,57.16697746805639,7993851,18578830,Republican
482016,Texas,48,2016,0.4287172275954273,2.566621771473704,0.015496801958735085,0.4647718321840067,47.36125993609991,0.18646165329173195,4.004380978002848,0.015765279440956095,0.7905860633992714,0.003112543556690045,0.07533110743416606,0.005674775747257868,13.029442650586716,43.23525798101196,52.234685579335384,8969226,18578830,Republican
482020,Texas,48,2020,0.35368832668250205,2.5157338341113924,0.015293589565046138,0.4538963317687722,45.77208143465711,0.1802050450183351,3.681844504282694,0.014495450804262575,0.6599007668019846,0.0025980345149684433,0.19161073901063447,0.03671467530420148,13.029442650586716,46.47900991387051,52.05760360355265,11315056,18578830,Republican
162000,Idaho,16,2000,0.23607961703199798,0.5235326814483432,0.0029460974581437347,0.10667555563680657,10.205204042309942,0.23193645550704414,1.6165976461492022,0.03674085559430005,0.4702694702844684,0.010687942506465192,0.23176359918000852,0.05371436590487165,0.5089194323744131,27.637798258047408,67.16963603995846,501621,1255405,Republican
162004,Idaho,16,2004,0.2952887837571457,0.7175994338683135,0.004886689968523284,0.17246181721862922,11.070636508782094,0.25160537519959303,1.8024813209647779,0.04096548456738131,0.5886878037347638,0.013379268266699178,0.1569871754636093,0.024644973260042054,0.5089194323744131,30.264917042127358,68.39094482399027,598376,1255405,Republican
162008,Idaho,16,2008,0.3285876454450856,0.7821989858272703,0.006132702061801266,0.21352271986980453,13.013519456502483,0.2957618058296019,2.0927291509145887,0.047562026157149745,0.6552855271106437,0.014892852888878266,0.16309460308414386,0.02659984955517443,0.5089194323744131,36.09594645757765,61.52554379022705,655032,1255405,Republican
162012,Idaho,16,2012,0.293898371591132,0.7008683484847875,0.004984307935041214,0.1746503041844397,11.625041486187213,0.2642054883224367,1.900529700448318,0.04319385682837086,0.5859069794027365,0.013316067713698558,0.23031234310436133,0.05304377538622105,0.5089194323744131,32.62233355920978,64.52978349589283,652274,1255405,Republican
162016,Idaho,16,2016,0.299142111152555,0.8027136870463396,0.005409872353088521,0.20184489673253425,8.982468175850295,0.2041470039965976,1.5198595469813587,0.034542262431394515,0.5963944585255825,0.013554419511945056,0.1668884704296084,0.027851761562334272,0.5089194323744131,27.484926126068714,59.24615422495738,690433,1255405,Republican
162020,Idaho,16,2020,0.33557829784031906,0.9390663572741426,0.007213954384184155,0.2631277701549235,10.461136852447247,0.23775311028289198,1.7598163167545826,0.03999582538078597,0.6692668319011106,0.015210609815934332,0.15628331146015098,0.02442447344095056,0.5089194323744131,33.091296472864244,63.88562547774226,867361,1255405,Republican
312000,Nebraska,31,2000,0.22555879494655007,0.6573511673592243,0.002983017132189197,0.0881192224594141,22.264484929324517,0.2394030637561776,2.4222844899551035,0.02604606978446348,0.44161345407829905,0.004748531764282786,0.401848827315506,0.16148248001484733,4.090275376299073,33.25303901328371,62.245362034607375,697019,1373575,Republican
312004,Nebraska,31,2004,0.25387515710096353,0.7047736642006014,0.0034823061506056557,0.11142261217105583,21.229379969640203,0.228272902899357,2.318551004950305,0.02493065596720758,0.5055597336980936,0.005436126168796705,0.4311018905344539,0.18584884002238028,4.090275376299073,32.682160820163816,65.89864119889074,778186,1373575,Republican
312008,Nebraska,31,2008,0.2634054562558796,0.6775671376719701,0.00379268815903104,0.11486926646040005,26.24504210750564,0.28220475384414667,2.848187517137898,0.030625672227289225,0.5246203320079257,0.0056410788387949,0.46349687363488523,0.21482935186931276,4.090275376299073,41.5982657769247,56.53185336979162,801281,1373575,Republican
312012,Nebraska,31,2012,0.281489841986456,0.7300744598023331,0.004237496855854567,0.13300527160224906,22.842723239500536,0.24562067999462942,2.521390900685886,0.027111730114902,0.5607891034690785,0.0060299903598825646,0.46803746515881983,0.21905906879229348,4.090275376299073,38.02731441792898,59.80319217904804,794379,1373575,Republican
312016,Nebraska,31,2016,0.23665220664384673,0.725602843299609,0.003413253013063071,0.10910243450611384,15.737576426470838,0.1692212518975359,1.7979077165191348,0.01933234103784016,0.4379435191130247,0.004709070097989513,0.5936492630524545,0.3524194475227223,4.090275376299073,33.69875637713554,58.74735112712576,844227,1373575,Republican
312020,Nebraska,31,2020,0.2734123534738917,0.8552715135106062,0.00461476850159836,0.14842088403622275,17.771241383553825,0.1910886170274605,2.02805420762817,0.02180703449062548,0.49438629242252247,0.005315981638951854,0.6147170640558979,0.37787706884150285,4.090275376299073,39.358860663730205,58.50992737298678,951712,1373575,Republican
252000,Massachusetts,25,2000,0.3879575618153125,1.206007654482282,0.00923007817723601,0.42178215662996715,7.5410367731271455,0.5386454837947962,2.0216554519300876,0.1444039608521491,0.6181550096397491,0.04415392925998208,0.6083001488864233,0.3700290711352447,6.17036839740965,59.803794621055836,32.501191276011994,2702984,5030980,Democrat
252004,Massachusetts,25,2004,0.3793804151343265,1.347876008118782,0.011600272367864477,0.524178705880986,8.19662739538581,0.5854733853847007,2.2075717115405684,0.15768369368146917,0.7108877358757514,0.050777695419696525,0.2367756988932994,0.05606273158641039,6.17036839740965,61.93542893323279,36.77768896177295,2912388,5030980,Democrat
252008,Massachusetts,25,2008,0.38467838690146755,1.406175802135098,0.012541341013915084,0.5651654708439793,8.312385640159606,0.5937418314399718,2.243603939935652,0.16025742428111803,0.72905641366734,0.05207545811909571,0.18322899958561964,0.033572866289147005,6.17036839740965,61.794721510409765,35.987149729857435,3081336,5030980,Democrat
252012,Massachusetts,25,2012,0.3872320112902891,1.380008198555009,0.012025382068374358,0.5382145080507659,8.121375891757065,0.5800982779826475,2.194978605549332,0.15678418611066655,0.7370739372399304,0.05264813837428074,0.20559576656458203,0.042269619229278105,6.17036839740965,60.65124107928392,37.512670597300875,3167767,5030980,Democrat
252016,Massachusetts,25,2016,0.39798892923194523,1.3669249163906652,0.01206101726634432,0.552870701331642,7.9170944311242994,0.5655067450803071,2.135412508340897,0.15252946488149263,0.6967408230961516,0.04976720164972511,0.401925055078391,0.16154374989976764,6.17036839740965,60.93029434533853,33.31423659092609,3274555,5030980,Democrat
252020,Massachusetts,25,2020,0.4010823152650931,1.4206445274483723,0.013269859756231675,0.6089444488383633,8.549323709336655,0.6106659792383324,2.3034820320069356,0.16453443085763825,0.7365721012611843,0.052612292947227454,0.30449283167280417,0.09271588454012265,6.17036839740965,65.12298370286535,31.90815758863096,3658005,5030980,Democrat
042000,Arizona,04,2000,0.3347296463815789,0.457609372711667,0.004024153598294388,0.16607656599974574,6.488848203813686,0.4325898802542457,1.7091815207764331,0.11394543471842887,0.6588986168799014,0.04392657445866009,-0.1305367399994611,0.01703984048968691,4.346095543804029,44.67343670251148,50.95139667025832,1534113,5049935,Republican
042004,Arizona,04,2004,0.323539135465741,0.5030871340676509,0.004295078324134014,0.16382392888912567,6.297680274453893,0.41984535163025954,1.6699253326935193,0.11132835551290128,0.6365175950482255,0.04243450633654836,-0.1556271532246722,0.024219810820815594,4.346095543804029,44.396832928795554,54.869434086013754,2012585,5049935,Republican
042008,Arizona,04,2008,0.32635495752837707,0.5533376124896712,0.0047753843372091865,0.1782746542360482,6.279145024658607,0.41860966831057383,1.6754267357687327,0.11169511571791552,0.6477637924635727,0.04318425283090485,-0.0974127074691262,0.009489235576465554,4.346095543804029,45.11525087476428,53.63524782262724,2293475,5049935,Republican
042012,Arizona,04,2012,0.3413703757017418,0.571882942511432,0.005119833254715651,0.19686095338024023,6.285926365318839,0.4190617576879226,1.689428103521792,0.11262854023478613,0.6777946288103022,0.04518630858735348,-0.10305898964530252,0.010621155346710572,4.346095543804029,44.58976694179938,53.654533165974705,2299254,5049935,Republican
042016,Arizona,04,2016,0.35568672792551576,0.5964874717364985,0.005458545899421676,0.21261250784505462,5.847048633653904,0.3898032422435936,1.6004894394798312,0.10669929596532209,0.7064273332578501,0.04709515555052334,-0.01570183380468744,0.00024654758483002524,4.346095543804029,44.58692374121493,48.09016091606231,2604277,5049935,Republican
042020,Arizona,04,2020,0.33590713847412557,0.6052452040841597,0.005513383395525911,0.2026691180621705,6.231027755270475,0.41540185035136495,1.6958451634950082,0.11305634423300055,0.6668681543550697,0.04445787695700465,0.05843959411429473,0.0034151861602435113,4.346095543804029,49.39432143855157,49.08542655379415,3385294,5049935,Democrat
132000,Georgia,13,2000,0.16610946464808674,0.7303495084277317,0.003901661895645494,0.06809122882985183,22.208004732292004,0.13967298573768555,2.070895221400444,0.013024498247801533,0.3204832100740951,0.0020156176734219817,0.8236171435698412,0.6783451991821443,32.10390592788758,42.98476126808185,54.671819667560584,2596804,7482345,Republican
132004,Georgia,13,2004,0.11785820674041292,0.7216812755871548,0.0034022296164763427,0.07136456864967988,15.791424701466404,0.09931713648721009,1.5576808175749721,0.009796734701729384,0.31410073856344845,0.0019754763431663424,0.872040339140003,0.7604543530874115,32.10390592788758,41.41363954662164,58.02897426025907,3298790,7482345,Republican
132008,Georgia,13,2008,0.1759677501909237,1.0513264802767177,0.005132014060031153,0.15819488937917428,16.446827125485164,0.10343916431122745,1.5834636812211225,0.009958891076862406,0.3810410536537797,0.0023964846141747154,0.9018133071782037,0.8132672410036893,32.10390592788758,46.98105459027361,52.193602593243085,3925278,7482345,Republican
132012,Georgia,13,2012,0.16130782806878774,1.0332409994750547,0.00525263710665585,0.17189355616706234,14.755384897282898,0.09280116287599308,1.4009905353874748,0.008811261228852042,0.36081149976184657,0.0022692547154833115,0.926050431851235,0.8575694023318589,32.10390592788758,45.48216048512199,53.29900898706427,3900050,7482345,Republican
132016,Georgia,13,2016,0.1621559146344933,0.974298574289336,0.004888380143297819,0.16620851728415129,11.386371312533669,0.07161239819203566,1.1881307132396872,0.007472520209054636,0.3890277903579462,0.0024467156626285925,0.89803476426999,0.8064664378374564,32.10390592788758,45.640216287365014,50.771585173296494,4114711,7482345,Republican
132020,Georgia,13,2020,0.10497939230885422,0.983609559919171,0.0058136020094295675,0.148913278572132,13.484575875213665,0.08480865330323059,1.43891702918104,0.009049792636358743,0.4330706345459807,0.002723714682679124,0.8523933528912957,0.726574428053265,32.10390592788758,49.505169769542036,49.25169281393831,4998482,7482345,Democrat
552000,Wisconsin,55,2000,0.3848337388483374,0.9558847942117252,0.007576856229568562,0.22673427937905902,32.31825739023955,0.44886468597554935,3.860035327994956,0.05361160177770772,0.7664101487064467,0.010644585398700649,0.22265609166618108,0.049575735156058835,5.639697621288991,47.832819660687434,47.613163514144304,2598607,4392505,Democrat
552004,Wisconsin,55,2004,0.4128654970760234,1.050141591569341,0.008953175667305692,0.27086566967736747,33.722045783100896,0.46836174698751243,4.036503911247009,0.05606255432287513,0.8224736651618187,0.011423245349469705,0.19029930911933335,0.03621382705129559,5.639697621288991,49.69971708441122,49.31987145842503,2997007,4392505,Democrat
552008,Wisconsin,55,2008,0.4340469613259669,1.010650834107108,0.009265212412222496,0.28435557777472315,38.432127053299,0.5337795424069305,4.580824272766435,0.06362255934397826,0.8648365936617057,0.01201161935641258,0.18526623546701604,0.03432357800411983,5.639697621288991,56.21778651794235,42.31366248834809,2983417,4392505,Democrat
552012,Wisconsin,55,2012,0.4324618736383442,1.090520691704076,0.009761477651480336,0.30359932126115485,35.2288855047689,0.48929007645512357,4.217576288878881,0.058577448456651124,0.8616664182864604,0.011967589142867505,0.2568211872661622,0.06595712222880115,5.639697621288991,52.77616253515459,45.93834671361976,3071434,4392505,Democrat
552016,Wisconsin,55,2016,0.392103205629398,1.2295102139414136,0.009829266669952803,0.3023700839863787,27.63255382541313,0.3837854697974046,3.3395817522867683,0.046383079892871784,0.780949082268568,0.010846515031507888,0.38024766888789585,0.14458828969467888,5.639697621288991,46.43607853205559,47.196121452284515,2975753,4392505,Republican
552020,Wisconsin,55,2020,0.409748427672956,1.3425387183186925,0.01154004093691427,0.34729011637213564,29.093978966495754,0.40408304120132993,3.522305050480757,0.04892090347889941,0.816239526355684,0.011336660088273389,0.3695058116942318,0.1365345448758131,5.639697621288991,49.45401643500603,48.8290300823206,3297352,4392505,Democrat
332000,New Hampshire,33,2000,0.2602485402006288,0.2986326541400075,0.0021310908920925014,0.0963729469029946,4.522137244843441,0.45221372448434416,1.4347615977061547,0.14347615977061548,0.5151416763116763,0.05151416763116763,0.07413651941846981,0.005496223511485152,1.090298083647406,46.80317916078731,48.07030985044308,569081,1065305,Republican
332004,New Hampshire,33,2004,0.295594745627404,0.3445496037509873,0.0028210334232329328,0.12420748522239873,5.025153298023999,0.5025153298023999,1.5956149283227155,0.15956149283227156,0.5858340871652267,0.058583408716522664,-0.054800295193708236,0.003003072353317562,1.090298083647406,50.24791120056902,48.87938234695173,677662,1065305,Democrat
332008,New Hampshire,33,2008,0.31515333734215273,0.3704790299512314,0.0032254319938783264,0.14147266375523945,5.5203027069039345,0.5520302706903935,1.7523150479515472,0.17523150479515473,0.6244696899019653,0.06244696899019653,0.01958951735436964,0.0003837491901771492,1.090298083647406,54.12689705613458,44.521428470962206,710970,1065305,Democrat
332012,New Hampshire,33,2012,0.30679592872857386,0.3515543098748075,0.0029952125228242055,0.1339076392179922,5.305990241947513,0.5305990241947514,1.685775201412268,0.1685775201412268,0.6082364533675664,0.06082364533675664,0.16010008983539695,0.02563203876530217,1.090298083647406,51.98268186364078,46.4064726393982,710931,1065305,Democrat
332016,New Hampshire,33,2016,0.27846691801293194,0.3372622889927084,0.002548849568432645,0.11107248640297465,4.572742289487054,0.4572742289487054,1.4546046642525448,0.14546046642525448,0.5476385041961872,0.05476385041961872,-0.11768435219707325,0.01384960675204478,1.090298083647406,46.82626266969056,46.458666981953414,744296,1065305,Democrat
332020,New Hampshire,33,2020,0.30741578030611866,0.35975698952934687,0.00302067888251967,0.1345341839166906,5.14708939614228,0.514708939614228,1.6357514775436184,0.16357514775436183,0.6055362287825606,0.060553622878256066,-0.15974074915569367,0.025517106940822248,1.090298083647406,52.863841121227914,45.48954820217632,803833,1065305,Democrat
562000,Wyoming,56,2000,0.1926469178410507,0.3023134574225145,0.0015514141760431604,0.05744901253066465,5.36754838822195,0.23337166905312826,1.1733805259410663,0.05101654460613332,0.38063047223121244,0.016549150966574454,0.5474753226019448,0.2997292288581035,0.817006224590578,27.698980082527676,67.7565021456279,218351,435370,Republican
562004,Wyoming,56,2004,0.26287525310326615,0.3938403951346805,0.0026551076746943636,0.10713391562721043,5.750748818313835,0.25003255731799284,1.2717708956845726,0.05529438676889446,0.5210871427556434,0.022655962728506233,0.4215386284017952,0.17769481523486677,0.817006224590578,29.07471613783131,68.86184005126773,243428,435370,Republican
562008,Wyoming,56,2008,0.3022898292742131,0.441479581072055,0.0034781687794519286,0.14142005220490947,6.424103683412861,0.2793088558005592,1.4245428586029185,0.06193664602621385,0.5999162950975373,0.026083317178153795,0.44806945813285215,0.20076623931146775,0.817006224590578,32.365887476321596,64.42791024664596,256035,435370,Republican
562012,Wyoming,56,2012,0.2709787159804606,0.392116804493689,0.0027759988926988576,0.11301628036477887,5.378738434346251,0.23385819279766307,1.2246970234450665,0.05324769667152463,0.5372940685100323,0.02336061167434923,0.478862085836089,0.2293088972512899,0.817006224590578,27.818887742360303,68.64262168705658,249061,435370,Republican
562016,Wyoming,56,2016,0.2896174863387978,0.43126802288334054,0.0031269227500343,0.13426941917820473,4.057560725228486,0.17641568370558633,0.9972144277884356,0.043357149034279806,0.5745716092267067,0.02498137431420464,0.36618102509652123,0.13408854314073912,0.817006224590578,21.877357347497938,68.17263307654125,255849,435370,Republican
562020,Wyoming,56,2020,0.3329951984851559,0.5121391025912807,0.004308130732996669,0.18432542870308452,4.8634704108227105,0.21145523525316132,1.1832948710388709,0.05144760308864656,0.6613270335194229,0.028753349283453168,0.36899186567858333,0.13615499693696168,0.817006224590578,26.387866557990396,69.49978994840271,278503,435370,Republican
202000,Kansas,20,2000,0.4178844073724821,1.0872113065113036,0.005497591159858109,0.15873116312933888,28.223705930916466,0.2687971993420616,2.853878239973777,0.02717979276165502,0.45128470148810007,0.004297949537981905,0.5678376141511322,0.3224395560448501,5.51807177208037,37.23839226424526,58.0416632469577,1072216,2097055,Republican
202004,Kansas,20,2004,0.4004364964261923,1.1218810474326582,0.005479844483063297,0.16205304168777995,25.947249959207742,0.24711666627816897,2.6472609388871047,0.02521200894178195,0.5300259275759882,0.005047865976914173,0.5565282979542304,0.30972374642383266,5.51807177208037,36.62309430556444,62.003980615547306,1187756,2097055,Republican
202008,Kansas,20,2008,0.44377845592937404,1.3879925970180882,0.007526550145156029,0.21219820661783773,28.07445307475923,0.2673757435691355,2.872335801929428,0.02735557906599455,0.602795891047822,0.005740913248074496,0.6000018832722702,0.36000225993027096,5.51807177208037,41.651967194013615,56.612254343491884,1235872,2097055,Republican
202012,Kansas,20,2012,0.42252131383233915,1.375653371113793,0.007016179226876515,0.20320942123570665,24.416683098901135,0.23253983903715367,2.5329473414886925,0.024123308014178023,0.5665072847932702,0.0053953074742216205,0.6282610255634742,0.39471191624206836,5.51807177208037,38.04596567882144,59.65895036903655,1156254,2097055,Republican
202016,Kansas,20,2016,0.36927627877113745,1.362302073800058,0.006466177779904851,0.19431857569698788,19.424816729081385,0.18499825456267985,2.0754507009990353,0.019766197152371764,0.5814307606703454,0.0055374358159080515,0.6399667817362498,0.40955748172585277,5.51807177208037,36.052340292957716,56.65453397196731,1184403,2097055,Republican
202020,Kansas,20,2020,0.3427598957895622,1.5015963547301252,0.008092432616186808,0.24378241134126036,21.885718170408662,0.20843541114674916,2.3419648937793576,0.022304427559803407,0.6441342526108409,0.006134611929627056,0.6324374592316557,0.3999771398393922,5.51807177208037,41.55955353883217,56.212512834264736,1372303,2097055,Republican
292000,Missouri,29,2000,0.33777586404518967,1.19430533764476,0.006997806758155364,0.18533506940941108,41.91108248278175,0.36444419550245,3.9510122278832505,0.034356628068550006,0.4965898053375725,0.004318172220326717,0.6862292290685954,0.4709105548280788,10.932475189788669,47.08427334810237,50.42281595937441,2359892,4630150,Republican
292004,Missouri,29,2004,0.3667060418384559,1.2493962283372753,0.007164879865951739,0.19672410383550992,38.79912714664687,0.3373837143186684,3.680884990726163,0.03200769557153185,0.5044776161252713,0.004386761879350185,0.6017506684777009,0.36210386701335984,10.932475189788669,44.57808112231128,54.81406719303644,2589941,4630150,Republican
292008,Missouri,29,2008,0.4005378433798539,1.3142294145679276,0.00813457062888145,0.21396799421019702,40.466978462560206,0.35188676923965395,3.8366019998823773,0.033361756520716324,0.5431362462668309,0.004722923880581138,0.58647378846198,0.3439515045529472,10.932475189788669,47.684548190358825,51.00891562944402,2771986,4630150,Republican
292012,Missouri,29,2012,0.3909027199406184,1.3381148105001177,0.007561937814460843,0.21565190010932916,33.73125484073177,0.2933152594846241,3.209807728279443,0.027911371550256026,0.45143431802562695,0.003925515808918495,0.6675937669602263,0.445681437684145,10.932475189788669,42.66825923198156,55.44458903037959,2620510,4630150,Republican
292016,Missouri,29,2016,0.3583128528012348,1.3179260299354973,0.006529912570225488,0.21909919688637686,21.93968560659546,0.19077987483996053,2.1388220610521858,0.018598452704801614,0.4070022370675068,0.0035391498875435375,0.7554350922943155,0.5706821786697209,10.932475189788669,36.33493605297934,58.603431412807325,2678780,4630150,Republican
292020,Missouri,29,2020,0.3861602050110663,1.430408298731409,0.007715433811218214,0.26062032841930816,22.65136010137913,0.1969683487076446,2.247979332946366,0.01954764637344666,0.46578839676223716,0.0040503338848890185,0.7039083926335458,0.49548702521994203,10.932475189788669,39.64099474027945,58.572423863494386,2889317,4630150,Republican
232000,Maine,23,2000,0.2665346735709209,0.29058542435362533,0.002153210601804681,0.10055679740182373,7.502080432521375,0.4688800270325859,1.8807322644051268,0.11754576652532042,0.5247575962534482,0.03279734976584051,0.39501292061067184,0.15603520744937294,0.7313553424900641,49.08601647394898,43.971850994987854,651817,1070615,Democrat
232004,Maine,23,2004,0.2838358489869727,0.3246327437857381,0.0025183305528944217,0.11432520922210808,8.224773263323033,0.5140483289576896,2.05928706618578,0.12870544163661124,0.5545793216003191,0.03466120760001994,0.12765176803097084,0.01629497388143279,0.7313553424900641,53.044092584230384,45.00983234038834,686510,1070615,Democrat
232008,Maine,23,2008,0.3204914986810924,0.3930274877045045,0.0035087262476025238,0.14684071603127982,8.819710579520645,0.5512319112200403,2.2110129799102367,0.1381883112443898,0.6278906209885584,0.0392431638117849,0.20300064143718222,0.04120926042390742,0.7313553424900641,57.705737297975965,40.38401833790823,731163,1070615,Democrat
232012,Maine,23,2012,0.3112292869964466,0.3854182896029645,0.0033483369569328454,0.13870596281772243,8.627702534803955,0.5392314084252472,2.162909413592929,0.13518183834955808,0.6093661976192668,0.038085387351204175,0.15603654090225047,0.024347402096739683,0.7313553424900641,56.220304565668634,41.03750602005841,710126,1070615,Democrat
232016,Maine,23,2016,0.2996804758523554,0.35974556372832506,0.003027240991734481,0.12889905520170178,6.984245367440613,0.4365153354650383,1.7675828939381666,0.11047393087113541,0.5862685753310845,0.03664178595819278,0.2528439351501071,0.06393005554219157,0.7313553424900641,47.68093168678699,45.02305962435193,743941,1070615,Democrat
232020,Maine,23,2020,0.32861102320405894,0.3816802853204694,0.0035177347514235716,0.15407478036626227,7.59082782446209,0.4744267390288806,1.926185373787135,0.12038658586169594,0.6441296700344915,0.04025810437715572,0.22893423069793103,0.05241088198525351,0.7313553424900641,52.33497946589441,43.754908611680484,822534,1070615,Democrat
192000,Iowa,19,2000,0.2953817582292634,0.72722442793612,0.005156196945176762,0.13627173613752794,43.49352604160631,0.4393285458748112,4.422467443922433,0.04467138832244882,0.5517094189205813,0.005572822413339206,0.37739416293304817,0.1424263542159361,2.8083666432210808,48.53564595538184,48.22064773788865,1315563,2331640,Democrat
192004,Iowa,19,2004,0.32006332889725114,0.7790451467314649,0.005797807255755102,0.16022442565532555,43.71317608855019,0.4415472332176787,4.455782499636489,0.04500790403673221,0.596997770519794,0.006030280510300949,0.3708629728718062,0.13753934464731407,2.8083666432210808,49.23313168421695,49.90065750530225,1506908,2331640,Republican
192008,Iowa,19,2008,0.3496197327852004,0.7206977689130468,0.005943187618412038,0.18277906080566939,48.160245033967094,0.48646712155522315,4.894910369114038,0.04944353908195998,0.6561105782956925,0.006627379578744369,0.3753192973098255,0.1408645749331412,2.8083666432210808,53.9386525422626,44.40201194674718,1536820,2331640,Democrat
192012,Iowa,19,2012,0.3334298537715361,0.7527639987396106,0.0058656738233095465,0.16850273290826265,45.2694704573516,0.45726737835708686,4.6160819613402095,0.046627090518587974,0.6237308202683639,0.006300311315842059,0.4045718141982591,0.1636783528436707,2.8083666432210808,51.98801653414908,46.17786851053609,1582180,2331640,Democrat
192016,Iowa,19,2016,0.3262282297894463,0.9510172172294131,0.006591036232141292,0.18167272059276648,31.586719128499,0.31905776897473737,3.2659535899678986,0.032989430201695945,0.6093275723041843,0.0061548239626685285,0.5609820745208498,0.3147008879337163,2.8083666432210808,41.740489172947406,51.147327224046016,1566031,2331640,Republican
192020,Iowa,19,2020,0.3528699717355786,1.0812095314991756,0.007918003207931535,0.22071081487165087,32.885863936358945,0.3321804438016055,3.4082597066343108,0.0344268657235789,0.6626110561964489,0.006693040971681302,0.6036176667458402,0.3643542876076922,2.8083666432210808,44.89171557144218,53.34581999454719,1690871,2331640,Republican
052000,Arkansas,05,2000,0.09295549415898374,0.5112524499805016,0.0028285120267542993,0.04097167286847913,23.499339282776056,0.3133245237703474,2.925517831413906,0.03900690441885208,0.5917070059937629,0.007889426746583505,0.7169056767295793,0.513953749327096,14.995516988136915,45.86425626043496,51.30719769663293,921781,2219490,Republican
052004,Arkansas,05,2004,0.11219020524638901,0.5171068686727691,0.0024826818520395904,0.03861776520511842,22.258268386426202,0.29677691181901605,2.7938910892791666,0.037251881190388886,0.5293434666904132,0.007057912889205509,0.7245043990030995,0.5249066241748424,14.995516988136915,44.47505632565052,54.35828618175675,1053694,2219490,Republican
052008,Arkansas,05,2008,0.0755440305277445,0.3973746675526022,0.0019254435879471786,0.03590206360698715,15.840682659635753,0.2112091021284767,2.055134416119492,0.02740179221492656,0.4010960245667864,0.005347946994223819,0.8311640589006619,0.690833692808223,14.995516988136915,38.86465976512423,58.71590449992959,1086617,2219490,Republican
052012,Arkansas,05,2012,0.09158358014737444,0.4383304722286155,0.0020329307691522537,0.04776298105482092,14.34127438476428,0.19121699179685706,1.842194233929616,0.024562589785728214,0.3680116294273179,0.004906821725697572,0.8813363716435767,0.7767537999818648,14.995516988136915,36.87899030172011,60.566936084109116,1069468,2219490,Republican
052016,Arkansas,05,2016,0.06269514076418514,0.367168837349484,0.0014455267528262932,0.029436794462871466,10.720438851573505,0.14293918468764674,1.4261386708905508,0.01901518227854068,0.37486698152245207,0.004998226420299361,0.9117043576870897,0.8312048358256288,14.995516988136915,33.6751347026629,60.61372020079724,1129896,2219490,Republican
052020,Arkansas,05,2020,0.0595589658204978,0.2990845289043818,0.0018751273827012564,0.028288318532636213,9.833409502132536,0.13111212669510047,1.37189438305658,0.018291925107421066,0.43217082782663435,0.005762277704355125,0.8387698209083645,0.7035348124666498,14.995516988136915,34.77506195301496,62.39572985614432,1219069,2219490,Republican
082000,Colorado,08,2000,0.31978155339805825,0.6571901326843618,0.0048343370435944884,0.16760606540799564,22.183703481926038,0.34662036690509435,2.9058395135264683,0.04540374239885107,0.634596219378898,0.009915565927795281,0.11164524697887648,0.012464661172974328,3.7934898657554132,42.848351491469096,50.36218031739919,1849217,4153985,Republican
082004,Colorado,08,2004,0.3578004478726051,0.8656201615458715,0.007675516058157663,0.23023737229786234,24.80182910133923,0.38752857970842547,3.3067456191471116,0.05166790029917362,0.7149614073359376,0.011171271989624025,-0.0014682619288532122,2.1557930917197554e-06,3.7934898657554132,47.0378422542883,51.7110953545921,2129630,4153985,Republican
082008,Colorado,08,2008,0.3849425287356322,0.92116995038855,0.008722812385330778,0.25633529152235873,28.023778722003403,0.43787154253130317,3.7124392174599006,0.058006862772810946,0.7692455690619917,0.01201946201659362,0.007409995442487402,5.4908032457684066e-05,3.7934898657554132,53.66023684069159,44.70752210933716,2401361,4153985,Democrat
082012,Colorado,08,2012,0.36795229603505536,0.8480483459031796,0.00769549395575984,0.23152751081827552,26.433331855468843,0.4130208102417007,3.525335405449334,0.05508336571014585,0.7244833031108163,0.011320051611106505,0.04697595222429221,0.0022067400873789843,3.7934898657554132,51.49421010370085,46.1249477953789,2569217,4153985,Democrat
082016,Colorado,08,2016,0.3684639538107349,0.8682557887330066,0.007732164886869539,0.24224690695819,22.480727451601204,0.3512613664312688,3.1038881971091223,0.048498253079830037,0.6947519448422328,0.010855499138159887,0.056647536562669944,0.003208943398619028,3.7934898657554132,48.1569803828474,43.25139737143104,2780220,4153985,Democrat
082020,Colorado,08,2020,0.3977525778954826,0.8782903813643772,0.008555127852156091,0.2678324867501208,25.764426748390278,0.4025691679435981,3.543047815612517,0.05536012211894558,0.7632397540628746,0.011925621157232415,0.053115344971605874,0.0028212398714526975,3.7934898657554132,55.3995419069199,41.8979238435606,3256980,4153985,Democrat
012000,Alabama,01,2000,0.12440200237144128,0.7436641532034657,0.0026632587180065548,0.08577181451975734,10.884161898448093,0.16245017758877753,1.6661753725736248,0.024868289142889924,0.471448575345401,0.007036545900677627,0.837235109587896,0.7009626287266563,26.211049342442266,41.58928487083503,56.46518402129443,1672551,3709180,Republican
012004,Alabama,01,2004,0.10092077372557229,0.5436801299422096,0.001853497430010905,0.04456401200080664,7.448645633345988,0.11117381542307445,1.2127282850188654,0.01810042216446068,0.39006771701141907,0.005821906224051031,0.8895028209677742,0.7912152685096282,26.211049342442266,36.84440232237717,62.46068975770077,1883415,3709180,Republican
012008,Alabama,01,2008,0.10092077372557229,0.5447968511546903,0.002215193400012116,0.07004660648366488,6.679455941510762,0.09969337226135465,0.9902848156112327,0.014780370382257204,0.2704937867081454,0.004037220697136498,0.9630437540205649,0.9274532721580222,26.211049342442266,38.74043429457492,60.31691302917061,2099819,3709180,Republican
012012,Alabama,01,2012,0.10092077372557229,0.5910027357163377,0.0023203831127805536,0.07710520279222394,6.746653867459906,0.10069632637999859,0.9542666983297005,0.014242786542234336,0.24807510156079202,0.003702613456131224,0.9714403890570896,0.9436964294913897,26.211049342442266,38.43286627932531,60.66236047669166,2070353,3709180,Republican
012016,Alabama,01,2016,0.14178754468821853,0.4587373516181253,0.0012896641873691636,0.046650427940610265,3.6144617768994305,0.0539471906999915,0.5649615965065532,0.008432262634426167,0.15575019990428046,0.0023246298493176188,0.9827238473987334,0.9657461602461691,26.211049342442266,34.3580266623716,62.08300307954301,2123367,3709180,Republican
012020,Alabama,01,2020,0.10162468262962532,0.5519679183506303,0.001777764244184053,0.05297031639125805,4.119412033940784,0.061483761700608715,0.6551890753718816,0.00977894142346092,0.2054500983236245,0.003066419377964545,0.9722746617721522,0.9453180179241529,26.211049342442266,36.569990212122335,62.031643166864804,2323282,3709180,Republican
542000,West Virginia,54,2000,0.33171299465972887,0.8246361255389775,0.00530732856179862,0.17335662156769768,22.632653306914968,0.411502787398454,3.1243491272202655,0.056806347767641194,0.6146797328748257,0.011175995143178649,0.1515784653738003,0.022976031165076374,3.5066239652788718,45.59266436669526,51.91521992705099,648124,1428525,Republican
542004,West Virginia,54,2004,0.30832990820660366,0.8367603768867047,0.005041933707414886,0.1548559840404017,21.64774207175949,0.3935953103956271,2.9853103838802952,0.05427837061600537,0.5777097904640203,0.010503814372073096,0.11566309021402023,0.013377950437856582,3.5066239652788718,43.21274543147107,56.05041427416335,755659,1428525,Republican
542008,West Virginia,54,2008,0.2705495818399044,0.7713824985219907,0.004433217823124735,0.12458512452013525,21.05538600591566,0.3828252001075575,2.8844548029368213,0.05244463278066948,0.5370282128220013,0.009764149324036388,0.1667582280730968,0.027808306630078966,3.5066239652788718,42.58975038229676,55.71034310695479,713451,1428525,Republican
542012,West Virginia,54,2012,0.23484506278796635,0.7593697377420412,0.0036719097411823088,0.09640748625797782,16.7753227282438,0.30500586778625094,2.3133594884901387,0.042061081608911616,0.4157298060769914,0.007558723746854389,0.154797448513332,0.02396225006623767,3.5066239652788718,35.53919813853589,62.29565658373606,670440,1428525,Republican
542016,West Virginia,54,2016,0.20388093652907235,0.7896763117767889,0.003131637583022694,0.09358879490950614,10.972377955638416,0.19949778101160756,1.5410656120188186,0.028019374763978522,0.37254233795600805,0.006773497053745601,0.35785492914934225,0.12806015031648077,3.5066239652788718,26.476928017771517,68.63057481161935,713051,1428525,Republican
542020,West Virginia,54,2020,0.24103917094504657,0.8845434618368183,0.004230211224670837,0.13024396180048647,12.056141910307462,0.2192025801874084,1.707071683449315,0.031037666971805725,0.44685880678795653,0.008124705577962845,0.32491513177541975,0.10556984285663838,3.5066239652788718,29.696521244519612,68.63155192461606,794652,1428525,Republican
342000,New Jersey,34,2000,0.3116931014972092,0.45385863092917395,0.0034370967424271967,0.1302374850077029,8.780701271929392,0.4181286319966377,1.9362249718425224,0.09220118913535821,0.5807555967560293,0.027655028416953775,0.7852329658161832,0.6165908106044791,13.20868726919213,56.12560891508792,40.29124385907997,3187226,6156365,Democrat
342004,New Jersey,34,2004,0.30096955649124524,0.4636274036613851,0.003401122642357365,0.1260812061320112,8.147427991874837,0.3879727615178494,1.79660735450963,0.08555273116712524,0.5471972543518635,0.0260570121119935,0.8188128697492274,0.6704545156669652,13.20868726919213,52.95273196514605,46.20902453977362,3609691,6156365,Democrat
342008,New Jersey,34,2008,0.35990515304551296,0.5486769484911476,0.0043316489565220365,0.15777931001983952,9.178220885347837,0.4370581373975161,2.019696041292085,0.09617600196628977,0.6079450848893608,0.028949765947112422,0.8414114765062963,0.7079732727965057,13.20868726919213,57.71585656681337,42.027037659000996,3838498,6156365,Democrat
342012,New Jersey,34,2012,0.37790717615904945,0.5597876785638004,0.00450782135527479,0.16713525472527332,9.208665283913161,0.4385078706625315,2.0334613030375057,0.0968314906208336,0.6496766950106034,0.030936985476695402,0.818549838372287,0.6700238378992972,13.20868726919213,58.37721259723121,40.58927141009568,3640292,6156365,Democrat
342016,New Jersey,34,2016,0.37159852420582273,0.5477871907374531,0.004297868189874085,0.16418990585973886,8.431665177144707,0.40150786557831936,1.8784746968605788,0.08945117604097994,0.6216620158142327,0.029602953134011085,0.7765323774470159,0.6030025332235147,13.20868726919213,55.4530844496942,41.35038665002945,3874046,6156365,Democrat
342020,New Jersey,34,2020,0.36973340898006857,0.5413885405502652,0.004282952802142669,0.16267162903629984,8.967269027081654,0.4270128108134121,1.9857026687266806,0.09455726993936574,0.6007057620619815,0.028605036288665783,0.762420186495591,0.5812845407759717,13.20868726919213,57.334196752812986,41.396523857348505,4549353,6156365,Democrat
512000,Virginia,51,2000,0.13867866612214952,2.546705326179042,0.014162515994789421,0.24065230555958758,32.47285616680074,0.24415681328421607,3.1598840044194376,0.023758526349018327,0.5653050163488993,0.004250413656758641,0.5882974375498864,0.34609387502776245,19.35265244554148,44.42900937826497,52.481142207895225,2735474,6198525,Republican
512004,Virginia,51,2004,0.16498390232282945,2.6159791458827684,0.0158191784760612,0.2904476212956989,32.06171637306882,0.2410655366396152,3.1483860466250397,0.023672075538534135,0.5976379189532101,0.004493518187618121,0.5846703137819005,0.341839375817826,19.35265244554148,45.48747193604156,53.679003074323525,3195825,6198525,Republican
512008,Virginia,51,2008,0.16982665222101845,3.2860589722290707,0.022089358786525206,0.44943859011619536,38.819340054975235,0.2918747372554529,3.6574294288831695,0.027499469390099018,0.6464240419079129,0.004860331142164759,0.6428588132973877,0.41326745383412555,19.35265244554148,52.63567570821975,46.324310057233845,3720526,6198525,Democrat
512012,Virginia,51,2012,0.16982665222101845,3.1817537425753257,0.02136489534394329,0.4485414844286742,35.67234376691006,0.26821311102939893,3.3745393192702107,0.025372476084738426,0.6401208228009555,0.004812938517300417,0.6976200977654406,0.486673800806263,19.35265244554148,51.161907363117024,47.27789195583023,3851684,6198525,Democrat
512016,Virginia,51,2016,0.20294901070346805,2.902952223002991,0.02079311256126068,0.48469313934008573,29.172390760626605,0.21934128391448576,2.978457999693927,0.022394421050330276,0.7010296311248209,0.005270899482141511,0.6387749063992575,0.4080333810453802,19.35265244554148,49.72789199301014,44.40669663012711,3984631,6198525,Democrat
512020,Virginia,51,2020,0.22117176355454493,3.277966446638545,0.023951313457097556,0.5639612564551554,32.6990165505151,0.245857267297106,3.3367804948745423,0.02508857514943265,0.761164438274344,0.005723040889280782,0.5785565919874306,0.3347277301321102,19.35265244554148,54.08434544884149,43.975036973961366,4462600,6198525,Democrat
062000,California,06,2000,0.3777182240623417,0.7815004283598911,0.0060980268991414795,0.21802142532972685,23.593824815379048,0.40679008302377667,3.206304651278255,0.05528111467721129,0.7013815658717837,0.012092785618479028,0.37484363811588517,0.14050775303595267,6.492357585799055,53.44957110507379,41.65136766340904,10965856,25774905,Democrat
062004,California,06,2004,0.4168977520797687,0.9628553158675714,0.007868849239637423,0.27247717679264005,25.079095169241185,0.4323981925731239,3.445926174749699,0.05941252025430516,0.7797406219066377,0.013443803825976512,0.1954292065442285,0.03819257477050672,6.492357585799055,54.40512099878566,44.42537992347669,12383678,25774905,Democrat
062008,California,06,2008,0.4208010656497721,0.9520054021942095,0.008151291605171253,0.27387774939136755,28.780952558538296,0.4962233199747982,3.9023303581664326,0.06728155789942125,0.7875472490466445,0.013578400845631802,0.22013735060904022,0.0484604531331675,6.492357585799055,61.01263834713425,36.954858832464474,13561900,25774905,Democrat
062012,California,06,2012,0.4176570904933155,0.9764648448720653,0.008322671398505694,0.27693179626394593,27.83425009929856,0.47990086378100966,3.785727617634043,0.06527116582127661,0.7812592987337313,0.013469987909202265,0.2696536360590379,0.07271308343986008,6.492357585799055,60.23895914168964,37.1203785207048,13038547,25774905,Democrat
062016,California,06,2016,0.42519813106221904,0.9317331656164484,0.008237926663713506,0.2842640059642449,26.97105295427144,0.4650181543839903,3.7127283365143855,0.0640125575261101,0.7963413798715384,0.013730023790888593,0.284491362301223,0.08093533522400574,6.492357585799055,61.72639960455788,31.617106538439433,14181595,25774905,Democrat
062020,California,06,2020,0.42628051213721924,0.9213610478180161,0.008019329793290543,0.27576119410842426,29.101319151178096,0.5017468819168637,3.977790338799439,0.0685825920482662,0.7985061420215388,0.013767347276233428,0.2144105078685429,0.045971865884446496,6.492357585799055,63.48394689387351,34.32072362528492,17500881,25774905,Democrat
242000,Maryland,24,2000,0.1832627540712295,0.7285253030004163,0.004577312216618208,0.10715123261430062,6.218371783822851,0.25909882432595216,1.3441848404377092,0.05600770168490455,0.44785361544628655,0.01866056731026194,0.865815502760838,0.7496364848210026,30.141670907558606,56.56841835021822,40.17798250291289,2025480,4313165,Democrat
242004,Maryland,24,2004,0.17871266289507137,0.7579745255351367,0.004421446943077687,0.11179934415233872,5.713104882403484,0.23804603676681182,1.254031785090425,0.052251324378767706,0.4821844945800763,0.020091020607503177,0.841363132918796,0.7078919214349316,30.141670907558606,55.91424565860999,42.93427936236057,2386678,4313165,Democrat
242008,Maryland,24,2008,0.19190229483757104,0.8282970129135296,0.005697433945418728,0.1772594172237203,6.92914569787198,0.28871440407799914,1.482869367776407,0.061786223657350293,0.5383031854094312,0.022429299392059635,0.8524360461571212,0.7266472127879857,30.141670907558606,61.919344762645935,36.4745196451127,2631596,4313165,Democrat
242012,Maryland,24,2012,0.20054419938368928,0.8160150016875234,0.005898209668065803,0.16894855777587797,6.7713865508145314,0.2821411062839388,1.4427192649410514,0.06011330270587714,0.5316784008476455,0.022153266701985228,0.8751106558476568,0.765818659978116,30.141670907558606,61.97419077931849,35.89773233894539,2707327,4313165,Democrat
242016,Maryland,24,2016,0.22248990292637982,0.8271306651750399,0.005528442826019338,0.1796942583173305,5.837092555987923,0.24321218983283013,1.3024316253486308,0.054267984389526285,0.5697036585889208,0.023737652441205032,0.8155183198108393,0.6650701299470945,30.141670907558606,60.32574423519277,33.90930472854767,2781446,4313165,Democrat
242020,Maryland,24,2020,0.1957633553166379,0.8332289943357881,0.006115718671226515,0.18529143926230007,7.072840944497444,0.2947017060207268,1.558262117468855,0.06492758822786895,0.6085434931316924,0.025355978880487184,0.7651472108676768,0.585450254298585,30.141670907558606,65.36064333883981,32.150280981656095,3037031,4313165,Democrat
422000,Pennsylvania,42,2000,0.39289670608429705,1.0255883548547486,0.006959939656908033,0.21296533305359422,24.915285403544715,0.3718699313961898,3.113139888565822,0.0464647744562063,0.5721479617549279,0.00853952181723773,0.5702402843124428,0.32517398185273555,10.052500524084897,50.60817131276612,46.43813292862545,4912185,9778950,Democrat
422004,Pennsylvania,42,2004,0.3968487096010812,1.0319190734942474,0.007036472888786012,0.21383931685473162,24.698303363158058,0.368631393479971,3.082772978234135,0.04601153698856918,0.5388289696457904,0.00804222342754911,0.622055605567014,0.3869531764173445,10.052500524084897,50.95760076201523,48.455798745838365,5765764,9778950,Democrat
422008,Pennsylvania,42,2008,0.42350633721351416,1.1237662209364971,0.008110223393033614,0.23510456182611023,27.21276547127492,0.40616067867574507,3.3794828195612765,0.05044004208300413,0.6018200781457682,0.008982389226056242,0.6438587754273616,0.4145541226948216,10.052500524084897,54.64257915841486,44.328243933863284,5977981,9778950,Democrat
422012,Pennsylvania,42,2012,0.44541041036873064,1.180275719007317,0.00844215768687814,0.255975606020609,24.424007788560424,0.3645374296800063,3.054469819847039,0.04558910178876177,0.6067616697496176,0.009056144324621158,0.6829907046824456,0.46647630268262363,10.052500524084897,52.0768577021407,46.68086603367445,5742040,9778950,Democrat
422016,Pennsylvania,42,2016,0.4177968153238948,1.193254797580695,0.007902421585984084,0.263910740066483,19.27201154952324,0.28764196342571996,2.471189876626493,0.036883430994425266,0.49795983618563616,0.007432236360979644,0.7024309180607556,0.493409194647676,10.052500524084897,47.85361616456285,48.57788580374602,6115402,9778950,Republican
422020,Pennsylvania,42,2020,0.40688955629212453,1.210202591194775,0.008246914641900817,0.26528223770624404,20.669527784940303,0.3085004147006015,2.652971095419811,0.03959658351372852,0.5351410440095639,0.007987179761336774,0.6700713744546163,0.4489956468634986,10.052500524084897,50.00849567544814,48.84361204017247,6915283,9778950,Democrat
092000,Connecticut,09,2000,0.3008616374103538,0.3621533289635902,0.0025378619602173594,0.12269865842071884,3.866628947713945,0.48332861846424313,1.3704227397330597,0.17130284246663247,0.5270364236464518,0.06587955295580647,0.6341854048552235,0.40219112773138366,9.534886832593283,55.909628132440346,38.4436032270773,1459525,2615815,Democrat
092004,Connecticut,09,2004,0.2933860462267233,0.3546777377799597,0.0024075743397382146,0.11641622292033263,3.7816830199092752,0.4727103774886594,1.3421340275025861,0.16776675343782327,0.5166666723145367,0.06458333403931708,0.45510728861176114,0.20712264414754886,9.534886832593283,54.3137089719902,43.94727791082799,1578769,2615815,Democrat
092008,Connecticut,09,2008,0.32577801522639244,0.3908285614446685,0.0029974245331716807,0.1447995910433384,4.262260900219451,0.5327826125274314,1.5105832505457686,0.18882290631822107,0.587203638806949,0.07340045485086863,0.5626769667710235,0.31660536893463953,9.534886832593283,60.73098838250607,38.13045471241618,1647085,2615815,Democrat
092012,Connecticut,09,2012,0.31184861309402406,0.37314030464726045,0.0027353242555264133,0.1322189074163951,4.010578804890407,0.5013223506113009,1.4212087929885995,0.17765109912357493,0.5388867380737299,0.06736084225921624,0.6790400034929575,0.4610953263437157,9.534886832593283,58.09690702458782,40.753457411811524,1557885,2615815,Democrat
092016,Connecticut,09,2016,0.2954341008297613,0.37494485693575835,0.002527514789528802,0.1185910997092917,3.5503844960777715,0.44379806200972144,1.2580004011383155,0.15725005014228943,0.4722388066407343,0.05902985083009179,0.8956070305550377,0.8021119531796121,9.534886832593283,54.56630109670987,40.92691437881478,1644920,2615815,Democrat
092020,Connecticut,09,2020,0.3153186034504246,0.4012606331077955,0.0029388670247024557,0.13615594130714134,3.952276104541767,0.4940345130677209,1.4003809097811908,0.17504761372264885,0.5266354838711613,0.06582943548389517,0.8422484727065923,0.7093824897765874,9.534886832593283,59.26073151568352,39.187118288330716,1823857,2615815,Democrat
442000,Rhode Island,44,2000,0.32630274657822894,0.655711129065673,0.0052888605063379866,0.25483464594459726,2.745909766122011,0.5491819532244022,1.2294625329953983,0.24589250659907966,0.5752866954068464,0.11505733908136928,0.8160215482139018,0.6658911671494133,5.170277664224395,60.9877001896791,31.911799213907194,409112,795025,Democrat
442004,Rhode Island,44,2004,0.3135156551070159,0.6555847048495612,0.005218840442292034,0.25140582871304834,2.740111122599499,0.5480222245198998,1.2258218641562413,0.24516437283124826,0.5739019501031938,0.11478039002063875,0.8611149311299185,0.7415189246148843,5.170277664224395,59.538516900494855,38.74633557114665,436289,795025,Democrat
442008,Rhode Island,44,2008,0.33009107755391714,0.6956011211953893,0.005874235106631241,0.281827002449604,2.909629668740171,0.5819259337480343,1.301805764519793,0.26036115290395856,0.6123124918552261,0.12246249837104521,0.8053592664880229,0.6486035481181263,5.170277664224395,62.86400461245617,35.057846474735356,471766,795025,Democrat
442012,Rhode Island,44,2012,0.3326257668199959,0.6846716771971267,0.005792249965878361,0.27904175701347633,2.8672600303637035,0.5734520060727407,1.2827165453800151,0.25654330907600303,0.5952419356948299,0.11904838713896597,0.9095391934815927,0.8272615444791461,5.170277664224395,62.687253628407134,35.25786425976904,445719,795025,Democrat
442016,Rhode Island,44,2016,0.2875532248846962,0.6445296592430237,0.004798223890135644,0.22485313580061464,2.526609755088725,0.505321951017745,1.1332383531780794,0.2266476706356159,0.5618816714593469,0.11237633429186937,0.4935045994153497,0.24354678964410476,5.170277664224395,54.35461874428159,38.94772731196161,463416,795025,Democrat
442020,Rhode Island,44,2020,0.319472133136864,0.720840352351563,0.006132543916122435,0.28572028390936544,2.845019899756293,0.5690039799512586,1.2760835817710257,0.2552167163542051,0.6236453634926601,0.12472907269853202,0.17890517550966561,0.032007061824144256,5.170277664224395,59.29900868154064,38.6993762381798,516383,795025,Democrat
532000,Washington,53,2000,0.30015943018192165,0.723860809592981,0.005333382163368851,0.2301227426577285,15.115247967390932,0.3875704607023316,2.480067982323024,0.06359148672623138,0.5422184042818207,0.013903036007226172,0.5304349351158429,0.28136122039134853,3.514685686273776,50.13789758326599,44.560590345521554,2488441,5344660,Democrat
532004,Washington,53,2004,0.3265761300555115,0.9212287930360104,0.007685924279859991,0.3117271909094051,16.32822666931524,0.41867247870039076,2.685540636180802,0.06886001631232826,0.6460449395708666,0.01656525486079145,0.40469558518440096,0.16377851666774473,3.514685686273776,52.82114831183694,45.64028199241436,2859084,5344660,Democrat
532008,Washington,53,2008,0.3515225068110434,0.9613034891732013,0.008799757395850469,0.3599430767773365,18.09952319768814,0.46409033840226,2.9624462393894593,0.0759601599843451,0.6931110822705928,0.017772079032579303,0.418408907857658,0.17506601417463813,3.514685686273776,57.65289221364836,40.47630494211489,3036878,5344660,Democrat
532012,Washington,53,2012,0.3453452087258079,0.8969177746576046,0.007939551379732412,0.3362934944968692,17.283754733331683,0.44317319829055596,2.8364571414606683,0.07272967029386329,0.6654431797430228,0.017062645634436484,0.4517165383388343,0.20404783100881954,3.514685686273776,56.163398299672764,41.29462143210913,3125516,5344660,Democrat
532016,Washington,53,2016,0.35970091106751234,1.0152384572464106,0.009011263207631296,0.3628711700277303,15.348317465406101,0.3935466016770795,2.551092255282661,0.06541262193032464,0.661301366053002,0.01695644528341031,0.5367380991084721,0.28808778703457605,3.514685686273776,54.30357713757948,38.06997601281809,3209214,5344660,Democrat
532020,Washington,53,2020,0.37476445819809384,1.127715829101774,0.010765604669794692,0.42191808148198695,16.984715889993286,0.4355055356408535,2.8178594742736975,0.0722528070326589,0.729802583225851,0.018712886749380795,0.5093806638128403,0.25946866066640983,3.514685686273776,57.97030113530306,38.766977743343276,4087631,5344660,Democrat
262000,Michigan,26,2000,0.345039921834648,1.036335867154048,0.007417636830479461,0.23443504858356465,34.012257107139135,0.4097862302064956,3.768233889697111,0.04540040830960375,0.5325575487344216,0.006416356008848453,0.6028399971326656,0.3634160621429122,13.268884799518663,51.277254695631235,46.14392525263359,4232711,7529005,Democrat
262004,Michigan,26,2004,0.346957077832567,1.0470161439828247,0.007559921561925474,0.2395405020262619,34.0312220878402,0.4100147239498819,3.7690671294465825,0.04541044734272991,0.5295953081709124,0.006380666363504968,0.6106247718427229,0.3728626119879774,13.268884799518663,51.23070672905647,47.812058557810175,4839252,7529005,Democrat
262008,Michigan,26,2008,0.370698485723207,1.1795776745511344,0.009340433061646504,0.2895535579807932,38.72980594341846,0.4666241679929935,4.274014473600988,0.051494150284349255,0.5813547204550782,0.007004273740422629,0.6790564188562501,0.461117619989875,13.268884799518663,57.431295266511874,40.95831352366344,5001766,7529005,Democrat
262012,Michigan,26,2012,0.3651800324824564,1.160483399592019,0.008723194678586321,0.27419585984189965,35.20029424269491,0.42409993063487844,3.8906142532234047,0.04687487052076391,0.5566426920706922,0.006706538458683038,0.7019639146423446,0.49275333746000494,13.268884799518663,54.20820421051875,44.710916027420225,4730961,7529005,Democrat
262016,Michigan,26,2016,0.3406627496314522,1.158340887962707,0.007560581607066724,0.24011072532950384,26.664580570879032,0.3212600068780606,2.9817312281598873,0.035924472628432375,0.5648313032762222,0.006805196425014725,0.6979358339300756,0.48711442828367013,13.268884799518663,47.27453095086684,47.49756421999615,4799284,7529005,Republican
262020,Michigan,26,2020,0.363038194604885,1.3268456466239733,0.00927524407231969,0.29536190345050617,29.018857118179298,0.3496247845563771,3.2547967249979073,0.039214418373468764,0.6095821932230878,0.007344363773772142,0.6403752591928081,0.4100804725862562,13.268884799518663,50.62081829082437,47.83729069113762,5539302,7529005,Democrat
212000,Kentucky,21,2000,0.33671415298854135,1.5722742789075297,0.008812749717210041,0.20771665779842324,42.11519732073743,0.3509599776728119,3.983664888348516,0.0331972074029043,0.6625678214323876,0.005521398511936563,0.20342554114388753,0.04138195078968348,7.629935744058816,41.37439312725726,56.50170607575377,1544187,3362335,Republican
212004,Kentucky,21,2004,0.34900236726411904,1.5949410357462874,0.008556261946713523,0.22279607010500088,39.85106523093502,0.33209221025779184,3.793410780552158,0.03161175650460132,0.6546686756566109,0.005455572297138425,0.12222872925478202,0.014939862255238807,7.629935744058816,39.687559163854644,59.55024333745392,1795860,3362335,Republican
212008,Kentucky,21,2008,0.3895177828925501,1.4584709660132813,0.007471792765857407,0.17631183786350396,38.7085144314642,0.322570953595535,3.652342499437638,0.030436187495313648,0.5670019132953709,0.004725015944128091,0.31202936267266373,0.09736232316990871,7.629935744058816,41.1706381795207,57.40254080463924,1826508,3362335,Republican
212012,Kentucky,21,2012,0.3274498745398633,1.3769402009881049,0.006339976351610027,0.13975462547097875,33.256674624192115,0.277138955201601,3.1517794064654363,0.026264828387211968,0.45103659640140326,0.003758638303345027,0.42516740675246306,0.18076732376461438,7.629935744058816,37.8013278344458,60.49314159932162,1797212,3362335,Republican
212016,Kentucky,21,2016,0.3196401348839326,1.4909927478538505,0.005731294986840115,0.15182017126940667,23.371895802674054,0.1947657983556171,2.2471574529673743,0.018726312108061454,0.3729034885658844,0.00310752907138237,0.5709648758700391,0.3260008894772891,7.629935744058816,32.68218833364776,62.519638551900094,1924149,3362335,Republican
212020,Kentucky,21,2020,0.3724172471873244,1.6753674039428972,0.0072930262968597245,0.19656131956714762,24.968117426306232,0.2080676452192186,2.4205025675605816,0.020170854729671513,0.45425301834093845,0.0037854418195078206,0.5741194590607552,0.3296131532722142,7.629935744058816,36.172667302421175,62.12742318955164,2134996,3362335,Republican
102000,Delaware,10,2000,0.3523133490585846,0.3523133490585846,0.0021670006572428826,0.10528742593754206,0.926681947963898,0.3088939826546327,0.5440242078346862,0.18134140261156206,0.3523133490585845,0.11743778301952817,0.6341917489882269,0.40219917448474624,21.037529730626694,54.977727163090904,41.91628832866708,327529,723160,Democrat
102004,Delaware,10,2004,0.3589279684363146,0.3589279684363146,0.002225165846643037,0.10810357483124525,0.8258739737549974,0.2752913245849991,0.49297564210043454,0.1643252140334782,0.3589279684363145,0.11964265614543818,0.6513680439821344,0.4242803287211118,21.037529730626694,53.34674947357199,45.75285870405416,375170,723160,Democrat
102008,Delaware,10,2008,0.4507015093468679,0.4507015093468679,0.003098650343774859,0.1503681943043253,1.1002839073318786,0.36676130244395955,0.6444754334838034,0.21482514449460113,0.45070150934686787,0.15023383644895597,0.7941977300050171,0.6307500343451221,21.037529730626694,61.942668981503935,36.94703354897529,412412,723160,Democrat
102012,Delaware,10,2012,0.4165168835632327,0.4165168835632327,0.0027587925817383905,0.13392906763497908,1.0158299626021103,0.33860998753403676,0.5953685420009671,0.19845618066698903,0.41651688356323263,0.13883896118774422,0.7970554492282683,0.6352973891444766,21.037529730626694,58.604087095379256,39.97806429480815,413937,723160,Democrat
102016,Delaware,10,2016,0.37442627663301586,0.37442627663301586,0.002363972395727206,0.11482308758357113,0.8459082588882676,0.2819694196294225,0.5034467893919159,0.16781559646397196,0.3744262766330158,0.12480875887767194,0.7452216026672304,0.5553552370819154,21.037529730626694,53.183881606421714,41.789673519233766,442997,723160,Democrat
102020,Delaware,10,2020,0.4315900965591133,0.4315900965591133,0.002906526958302788,0.14107581291370896,1.0351021995496472,0.34503406651654905,0.6088113399560964,0.2029371133186988,0.43159009655911323,0.1438633655197044,0.7475077873182528,0.5587678921014303,21.037529730626694,58.78216702049562,39.80139282950736,504010,723160,Democrat
182000,Indiana,18,2000,0.34559874334440843,1.1137622259351385,0.0066286221823136865,0.150785549641889,32.02651143579233,0.34811425473687313,3.3883785030512463,0.036830201120122245,0.5005594767336518,0.005440863877539693,0.49280064179289246,0.2428524725514867,8.866981993531981,41.01204698757107,56.646804331368315,2199305,4933505,Republican
182004,Indiana,18,2004,0.33607994330605073,1.3450906432566376,0.007518088706034901,0.18189755295926097,29.135961641242652,0.3166952352308984,3.0938111350985618,0.033628381903245234,0.5017195712008511,0.005453473600009251,0.5650304811577118,0.3192594446373153,8.866981993531981,39.26297466533658,59.944765036657174,2468002,4933505,Republican
182008,Indiana,18,2008,0.39310405428219,1.4195735758537764,0.009881979921581348,0.22095541291667048,38.13374212858817,0.41449719704987137,4.0138053728969005,0.043628319270618485,0.6231088280499874,0.006772922044021601,0.6197439843333805,0.3840826061174134,8.866981993531981,49.94591163968428,48.91390717884854,2751054,4933505,Democrat
182012,Indiana,18,2012,0.37459845518255463,1.4734546612227732,0.00917675353766546,0.22146216107556377,31.7421222228779,0.34502306763997714,3.358478636499067,0.036505202570642034,0.5517205269041888,0.005996962248958574,0.6684048714055895,0.4467650721187226,8.866981993531981,43.92730290405839,54.12553238022445,2624534,4933505,Republican
182016,Indiana,18,2016,0.3133312905527954,1.5486169127960356,0.008365442342614137,0.23666511413368044,22.870859468264605,0.24859629856809354,2.4526130888716717,0.02665883792251817,0.5527591858315345,0.006008252019907984,0.7787851610357355,0.6065063270494564,8.866981993531981,37.774839686752046,56.94003344841128,2734958,4933505,Republican
182020,Indiana,18,2020,0.3617503299496171,1.6867275795715386,0.009681732893117816,0.26937586822704007,24.341559157871906,0.2645821647594772,2.6251366576224218,0.02853409410459154,0.5986114285402796,0.006506645962394343,0.7627317553120716,0.5817597305614338,8.866981993531981,40.9616365453274,57.021101367205596,3033121,4933505,Republican
352000,New Mexico,35,2000,0.3569479314485318,0.6269254421347296,0.005286916037468943,0.1976554530640378,14.368173807728569,0.4353992062948051,2.6319809042754385,0.07975699709925571,0.7022599970517522,0.02128060597126522,-0.3942153016165568,0.15540570402863288,1.9074178832418627,47.908554054844174,47.84741189933261,598605,1511415,Democrat
352004,New Mexico,35,2004,0.3703067071115605,0.6445758906539582,0.005713165084678104,0.20963331471564142,14.15141549906084,0.42883077269881337,2.621760024899522,0.07944727348180369,0.7379477630426183,0.02236205342553389,-0.4818123355164204,0.23214312665578765,1.9074178832418627,49.0466796420487,49.8384247604138,756304,1511415,Republican
352008,New Mexico,35,2008,0.40909629278692405,0.645424939295821,0.006449871362377787,0.251180608566203,16.495611351698862,0.4998670106575413,3.029461280190502,0.09180185697546975,0.8155269343933454,0.02471293740585895,-0.42309792574848426,0.1790118547726699,1.9074178832418627,56.90748026279336,41.77903483433274,830158,1511415,Democrat
352012,New Mexico,35,2012,0.3904426624942956,0.666205180855921,0.006378778209851541,0.23702580084598193,15.39695127478408,0.466574281054063,2.858970487774236,0.08663546932649199,0.7782196738080885,0.023582414357820866,-0.4372682249765338,0.19120350057412855,1.9074178832418627,52.992760520466774,42.84332663909013,783758,1511415,Democrat
352016,New Mexico,35,2016,0.3555239801775065,0.6712837307298193,0.005773564771755806,0.2071464905966267,12.994386388880947,0.39376928451154386,2.4520579072033817,0.07430478506676914,0.7026185016149953,0.02129146974590895,-0.3941601285712317,0.15536220695528993,1.9074178832418627,48.255647178634106,40.04251433324272,798319,1511415,Democrat
352020,New Mexico,35,2020,0.3818462254816367,0.7078064665964,0.006705929688072244,0.23307540541711858,14.295033092431748,0.4331828209827802,2.677580765172095,0.08113881106582106,0.7610267997827708,0.02306141817523548,-0.3977772622505802,0.15822675036356684,1.9074178832418627,54.289285849572224,43.49666924612946,923965,1511415,Democrat
122000,Florida,12,2000,0.13596485112478363,0.8622221035601506,0.00441503971959149,0.10438961007493802,19.22717780959094,0.286972803128223,2.4847232391662937,0.03708542148009394,0.46422318503233473,0.006928704254213951,0.42443352904513026,0.18014382057770342,14.52015265997853,48.84386963859707,48.84048075213148,5960660,15296740,Democrat
122004,Florida,12,2004,0.16036542830834172,0.9700420541865191,0.005075983815491296,0.1418557111979095,17.257495125860544,0.25757455411732155,2.277906287850153,0.03399860131119631,0.44506701250015834,0.006642791231345647,0.449334206634476,0.20190122925183396,14.52015265997853,47.09111002771423,52.09751623233695,7609810,15296740,Republican
122008,Florida,12,2008,0.17260940383802242,1.1061284347548215,0.006192753675394418,0.16162127575185672,18.09385744477825,0.2700575738026605,2.440656820890127,0.03642771374462876,0.5039749750162132,0.007522014552480795,0.3291668638116767,0.10835082423161492,14.52015265997853,51.03134202984661,48.217183794488776,8391639,15296740,Democrat
122012,Florida,12,2012,0.18023427638884215,1.168026297426536,0.006333471683807692,0.1762522467846855,17.12205612050147,0.25555307642539504,2.3187474287094787,0.034608170577753415,0.5269311297721907,0.007864643727943144,0.38920411102566765,0.15147984003928022,14.52015265997853,50.007865068698685,49.13097776197552,8474179,15296740,Democrat
122016,Florida,12,2016,0.20015431065124817,1.2175264187447996,0.0065324926476775826,0.18659233339127682,14.329739468816404,0.2138767084897971,2.037397477036199,0.03040891756770446,0.5178631155789605,0.007729300232521798,0.38817967557714134,0.1506834605311747,14.52015265997853,47.82331580580505,49.021941416590735,9420039,15296740,Republican
122020,Florida,12,2020,0.18816113382803912,1.2624615630686895,0.006808453738615186,0.1887090358251704,14.825120638802101,0.22127045729555375,2.0982843247988363,0.031317676489534874,0.47259561582737375,0.00705366590787125,0.34790900307553324,0.1210406744210114,14.52015265997853,47.86145072544223,51.21981962250403,11067456,15296740,Republican
402000,Oklahoma,40,2000,0.27265138867809985,0.7592249833267458,0.0039137787280600494,0.10937869472939168,27.038863627395884,0.3511540730830634,3.191290382940518,0.04144532964857815,0.5339519573882132,0.0069344410050417304,0.20752314698097066,0.04306585653288555,7.197155257992958,38.426904569573395,60.307852108482294,1234229,2855795,Republican
402004,Oklahoma,40,2004,0.24444444444444446,0.7287186424721498,0.0031134312373276257,0.08894638218458255,22.350851460647043,0.29027079819022134,2.662511892556421,0.03457807652670677,0.46302681992337164,0.006013335323680151,0.24293593439720115,0.05901786822144122,7.197155257992958,34.42959833524394,65.57040166475606,1463758,2855795,Republican
402008,Oklahoma,40,2008,0.2815166334771444,0.759440154580775,0.0028997671173925624,0.07987265114956547,19.37111966980359,0.25157298272472195,2.2839930741767316,0.02966224771658093,0.4256897502677381,0.0055284383151654294,0.47786339410522055,0.22835342342576134,7.197155257992958,34.3549188773065,65.64508112269351,1462661,2855795,Republican
402012,Oklahoma,40,2012,0.2717926466666205,0.7386808625229248,0.0027950829830063013,0.07907529898597541,18.35253102988375,0.23834455882965908,2.170860674396938,0.028192995771388805,0.41596576345721414,0.005402152772171613,0.507412872635105,0.2574678233158093,7.197155257992958,33.22768025698344,66.77231974301657,1334872,2855795,Republican
402016,Oklahoma,40,2016,0.25413594384532134,0.7351034355928977,0.0023949812353451336,0.07450322134832282,12.712100908781336,0.1650922195945628,1.5250645192731531,0.01980603271783316,0.3173628033113187,0.004121594848198944,0.6232292368223272,0.3884146816301404,7.197155257992958,28.931680284543894,65.32286481962736,1452992,2855795,Republican
402020,Oklahoma,40,2020,0.24042206690642598,0.8506480233582746,0.003143888470220364,0.10601781243822338,12.882611524307238,0.1673066431728213,1.5711030187232393,0.020403935308094017,0.3708067965642542,0.004815672682652651,0.6129504699506872,0.37570827861276834,7.197155257992958,32.28617433598664,65.37327184806296,1560699,2855795,Republican
462000,South Dakota,46,2000,0.33232931726907633,0.8662842626407293,0.006903032614441892,0.22674900045945998,22.701347979796974,0.3439598178757117,2.9168580455135125,0.04419481887141685,0.6639869300881107,0.010060408031638041,0.013823590453401669,0.00019109165302337775,1.1955434605633475,37.254939257906614,60.60260214562885,315432,644895,Republican
462004,South Dakota,46,2004,0.3608115777525539,0.9589967889675218,0.008415291183964259,0.2756598754975921,24.378207876242197,0.3693667860036696,3.144294993130001,0.04764083322924244,0.7209514510550659,0.010923506834167665,-0.06668931462766477,0.004447464685507662,1.1955434605633475,37.97334757838452,60.39218838734438,385631,644895,Republican
462008,South Dakota,46,2008,0.39330245814036335,0.986311169435699,0.009361738384111577,0.3051482430534359,27.94930716273303,0.42347435095050046,3.572590455389843,0.054130158414997624,0.7859332118306848,0.011908078967131587,-0.06781589805973283,0.004598996029648075,1.1955434605633475,44.86624793986948,54.13903185181438,375583,644895,Republican
462012,South Dakota,46,2012,0.3956748097717261,1.0259157898218074,0.009679871051513828,0.3302809120466272,24.434842222096567,0.3702248821529783,3.1851794988022384,0.04826029543639755,0.7906779150934102,0.011979968410506216,-0.06548903889718741,0.004288814215677325,1.1955434605633475,39.419906983941885,58.3210131731298,361873,644895,Republican
462016,South Dakota,46,2016,0.43201376936316693,1.2983653865748233,0.01174453669955163,0.41289548873324977,18.304900951294098,0.2773469841105166,2.5165820505794265,0.03813003106938525,0.8629176608129043,0.013074510012316732,-0.020691299213694784,0.00042812986315064636,1.1955434605633475,31.737428159948987,61.5307503789588,370093,644895,Republican
462020,South Dakota,46,2020,0.44203125,1.3340069616503514,0.012738224748587372,0.4354462472601937,19.808865250160146,0.3001343219721234,2.711841455231779,0.0410885068974512,0.8829526220865704,0.013378070031614703,-0.004318595443715902,1.8650266606483753e-05,1.1955434605633475,35.60525213613529,61.76938967225024,422609,644895,Republican
502000,Vermont,50,2000,0.2718524792757266,0.29023065423883365,0.002209083250198684,0.10450379820431689,6.733888646218,0.4809920461584286,1.8056536262486738,0.1289752590177624,0.5275471087883832,0.03768193634202737,0.5684910376056386,0.3231820598379356,0.8936559474864042,50.63470921619528,40.697160797531836,294308,497395,Democrat
502004,Vermont,50,2004,0.3321538857436953,0.36128999141869644,0.0034329785123242244,0.1563883179630748,7.815532183216824,0.5582522988012018,2.1002968245119322,0.1500212017508523,0.656162316941936,0.046868736924424004,0.5857845674534063,0.3431435594665744,0.8936559474864042,58.93746257712714,38.801315363950444,312309,497395,Democrat
502008,Vermont,50,2008,0.3651218803205847,0.39062681994630016,0.004084252412484341,0.18873463856515393,9.0625585822134,0.6473256130152428,2.428142922424493,0.17343878017317807,0.7220983060957148,0.0515784504354082,0.5816240736950435,0.3382865631016174,0.8936559474864042,67.45568319560924,30.449228724549755,325046,497395,Democrat
502012,Vermont,50,2012,0.3652732825819392,0.38620468418193904,0.004021928712420196,0.18873839608018916,8.965517510933637,0.6403941079238312,2.4028633439076073,0.17163309599340051,0.7224011106184238,0.051600079329887416,0.5352879804773844,0.28653322204355663,0.8936559474864042,66.5705503023823,30.97263523672692,299290,497395,Democrat
502016,Vermont,50,2016,0.32855019300390803,0.3634314864306873,0.0033912418477868907,0.15335568848898212,7.238719534219968,0.5170513953014263,1.9595673747938465,0.13996909819956047,0.6409425362447461,0.04578160973176758,0.6113016542820994,0.37368971252803135,0.8936559474864042,56.675987139651575,30.268474055548328,315077,497395,Democrat
502020,Vermont,50,2020,0.3769210893493876,0.4071460397279119,0.004360157808764239,0.20133636857030926,8.43077655206474,0.6021983251474815,2.2766158060707724,0.16261541471934088,0.7376843289357052,0.0526917377811218,0.6311744547616959,0.39838119234372404,0.8936559474864042,65.48246347343498,30.393769584656955,370826,497395,Democrat
492000,Utah,49,2000,0.22332069339111593,0.4221350866324204,0.002402275743630507,0.08963562175406649,6.274095868220044,0.21634813338689807,1.2569665651778739,0.043343674661305995,0.4405458906765766,0.015191237609537125,0.39336286022823436,0.15473433980693743,0.9282775374599714,26.344722181136916,66.83014295092858,770754,2082890,Republican
492004,Utah,49,2004,0.2278278474399164,0.4214004303380141,0.002619018628042248,0.1071724706669865,5.946264076251119,0.2050435888362455,1.2322870513608142,0.04249265694347635,0.44730816506722637,0.015424419485076772,0.3463455175050066,0.11995521749581083,0.9282775374599714,25.995641508701894,71.53594785330293,927844,2082890,Republican
492008,Utah,49,2008,0.2835385805223392,0.46910844152944653,0.0036021605309232776,0.14978712260951044,7.6589797003125195,0.2641027482866386,1.5564173241643178,0.05366956290221785,0.558729631232072,0.019266539008002483,0.41525497917705045,0.1724366977313326,0.9282775374599714,34.40574566607516,62.583869714501716,952370,2082890,Republican
492012,Utah,49,2012,0.2307868252516011,0.42168715249739464,0.002682757150359348,0.11508422021304864,5.21442729582513,0.17980783778707346,1.1340629532682605,0.03910561907821588,0.45322612069059576,0.01562848692036537,0.3774602761065653,0.14247626003844452,0.9282775374599714,24.74966582796037,72.7905331026891,1017440,2082890,Republican
492016,Utah,49,2016,0.25442081294510926,0.44148614759124616,0.0029347476526076855,0.12277346764419246,5.235822704104918,0.1805456104863765,1.1488951563077834,0.039617074355440804,0.5004940960776121,0.017258417106124555,0.44813038051053516,0.20082083793651703,0.9282775374599714,27.4587027036582,45.53803593682331,1131430,2082890,Republican
492020,Utah,49,2020,0.2921873802039408,0.45910036242873753,0.0036900782561105523,0.14982730258470114,6.871001411024113,0.23693108313876252,1.4758403588483622,0.05089104685684007,0.5760272305952752,0.019863007951561214,0.5130472461708723,0.2632174768035156,0.9282775374599714,37.46818479102607,57.85512995584992,1495354,2082890,Republican
382000,North Dakota,38,2000,0.34774255523535064,0.7794847019991651,0.006261798637810641,0.22106748310229668,15.97419255532138,0.30139985953436566,2.3035717094541788,0.04346361715951281,0.6940691812671614,0.013095644929569083,0.2059104988168421,0.04239913352300073,1.9080071158628868,33.0540783370972,60.65626658618572,288267,564935,Republican
382004,North Dakota,38,2004,0.3526315789473684,0.8674034544266367,0.007102536113242059,0.23781165044266814,17.886755845050043,0.33748595934056685,2.5639553537706874,0.04837651610888089,0.703847228691197,0.013280136390399943,0.06653150092699298,0.004426440615598467,1.9080071158628868,35.49881246543683,62.86133496146506,312833,564935,Republican
382008,North Dakota,38,2008,0.41545718432510886,0.9204289710086221,0.009129063941321453,0.31253600047521374,21.631085997662872,0.4081336980691108,3.103287356237203,0.05855259162711704,0.8294984394466779,0.01565091395182411,0.09123449736179551,0.008323733508859472,1.9080071158628868,44.62054001471791,53.250100277618984,316621,564935,Republican
382012,North Dakota,38,2012,0.39335664335664333,0.8897478619855955,0.008282144060890393,0.2941074460421465,18.35759752910656,0.34636976470012376,2.688788818045809,0.050731864491430356,0.7852973575097468,0.014816931273768808,0.07424065440036025,0.005511674765793729,1.9080071158628868,38.69731088897972,58.31568255855723,322932,564935,Republican
382016,North Dakota,38,2016,0.30762987012987014,0.7837891965505992,0.005544918514896488,0.20261527783951971,11.572888440821451,0.21835638567587642,1.7750214458629743,0.03349097067665989,0.6138438110562005,0.011581958699173594,0.12825461471727606,0.016449246196276926,1.9080071158628868,27.226739458706007,62.9556278313393,344360,564935,Republican
382020,North Dakota,38,2020,0.33895446880269814,0.9141014519845099,0.007219016772932646,0.2617610595302647,12.714005848693239,0.2398869028055328,1.9543322903425335,0.036874194157406295,0.6764930084018564,0.012764019026450121,0.16777062819157265,0.028146983683794913,1.9080071158628868,31.756762359080092,65.11404873707572,361819,564935,Republican
272000,Minnesota,27,2000,0.298876833172039,0.6861900689387516,0.004613390249013389,0.141205103876823,36.265251464194684,0.41684197085281244,3.9181853880095114,0.04503661365528174,0.5850926684698752,0.0067252030858606345,0.39216511178536784,0.15379347490163006,4.731301211760973,47.9055720603522,45.502350652093234,2438685,4113435,Democrat
272004,Minnesota,27,2004,0.3263329441116926,0.8338529847362878,0.006233859480274791,0.18095057367569772,38.77167192642776,0.4456514014531926,4.197810180902337,0.048250691734509625,0.6400048903491824,0.007356378049990602,0.344807167871502,0.11889198301556617,4.731301211760973,51.09008610782043,47.61394699153067,2827850,4113435,Democrat
272008,Minnesota,27,2008,0.3298183758372809,0.8414861187207144,0.00655184822174429,0.18448450220026003,41.4403493773722,0.47632585491232415,4.48051373923335,0.051500157922222414,0.6383649754959387,0.007337528453976307,0.36323655044730824,0.1319407915808599,4.731301211760973,54.060292698279845,43.822931044139075,2910369,4113435,Democrat
272012,Minnesota,27,2012,0.3316416925493684,0.858178326829796,0.0064136738060857216,0.18805207476687927,39.448442861928555,0.45343037772331674,4.271467612525809,0.049097328879607,0.6221297352088292,0.007150916496653209,0.40828615841264915,0.16669758715135882,4.731301211760973,52.65230315324626,44.958201106668646,2936561,4113435,Democrat
272016,Minnesota,27,2016,0.32535704740740196,0.9185205072723207,0.0063340133317930794,0.1926937260484572,28.460912931521044,0.32713693024736834,3.1304675857856465,0.03598238604351318,0.5622647684503355,0.006462813430463626,0.6595722970385327,0.43503561502068644,4.731301211760973,46.44491857377701,44.92478809350543,2944813,4113435,Democrat
272020,Minnesota,27,2020,0.35749399446578617,1.0974138847402066,0.008530123746073377,0.250704339581827,31.601368352717753,0.3632341189967558,3.48550506822967,0.04006327664631805,0.6548902408267167,0.007527474032490996,0.6849906824837235,0.4692122350895173,4.731301211760973,52.39509930974001,45.28494240916937,3277171,4113435,Democrat
302000,Montana,30,2000,0.2946625496250551,1.016453574350367,0.007561224642632141,0.23916792445314966,15.567672198642235,0.2779941464043256,2.2487750226041396,0.04015669683221678,0.5784136743463875,0.010328815613328348,0.40264263171368636,0.16212108887332327,0.4238892935178441,33.36512679264014,58.4394602249225,410986,823800,Republican
302004,Montana,30,2004,0.2971604666519921,0.9768505869628686,0.0075105910687058575,0.22177909397388756,17.743409999222745,0.3168466071289776,2.5139695022136066,0.04489231253952869,0.5834095084002614,0.010418026935718954,0.40446178062435806,0.16358933198582634,0.4238892935178441,38.56502839483698,59.06814316858851,450434,823800,Republican
302008,Montana,30,2008,0.3442969221484611,1.0897729992130025,0.009750965508952342,0.2801856452431551,21.27536891606609,0.3799173020726087,3.0059387673768865,0.05367747798887297,0.685348009174013,0.012238357306678802,0.4423385918653273,0.1956634298534006,0.4238892935178441,46.79885177958039,49.15818671483172,496072,823800,Republican
302012,Montana,30,2012,0.3283917340521114,1.1647973261010494,0.009996500737252232,0.2997845176917279,18.57615214403823,0.33171700257211123,2.6752478290329833,0.047772282661303275,0.6514071240182013,0.011632270071753594,0.4337248530597984,0.18811724816174372,0.4238892935178441,41.708132547548004,55.36480331947463,483932,823800,Republican
302016,Montana,30,2016,0.307487684729064,1.043113369064486,0.00765704281679997,0.23994143088492853,14.295912072672728,0.25528414415487016,2.1266305172704225,0.037975544951257545,0.6095990253721065,0.01088569688164476,0.4201203221951668,0.17650108512137078,0.4238892935178441,35.745765337013,56.16849744642932,497147,823800,Republican
302020,Montana,30,2020,0.3213459141890689,1.0987217241873615,0.008764035855897835,0.26527014243583236,15.970366353104401,0.2851851134482929,2.3679528069638867,0.042284871552926546,0.6373154842921163,0.011380633648073504,0.41851659147358833,0.17515613733867041,0.4238892935178441,40.55165330329336,56.9216751706315,603640,823800,Republican
472000,Tennessee,47,2000,0.15010332030487128,1.2342208520458522,0.007187530948200844,0.12147585055182196,38.19913717517531,0.40209618079131904,4.097811277703743,0.04313485555477624,0.6908008174072104,0.007271587551654847,0.2222856192368103,0.049410896519492216,16.261939874877886,47.28489471775341,51.14915318076796,2076181,5082235,Republican
472004,Tennessee,47,2004,0.12778467991470321,1.1008381857104501,0.005359773185110437,0.0917425092559435,32.003087920431746,0.3368746096887552,3.4498225495520223,0.036313921574231814,0.5888395902737319,0.006198311476565599,0.3477897775205332,0.12095772934778197,16.261939874877886,42.49794486223789,56.82898209170646,2430494,5082235,Republican
472008,Tennessee,47,2008,0.12778467991470321,1.1404480486028334,0.005249641597281586,0.1066328965700293,26.41056199861297,0.2780059157748734,2.823276187516556,0.029718696710700588,0.48991954734494125,0.005157047866788856,0.6458229406997394,0.41708727073405916,16.261939874877886,41.82250538820456,56.888748382769435,2600124,5082235,Republican
472012,Tennessee,47,2012,0.1526019323671497,1.1221099097138727,0.004739751608552613,0.10381828365304238,23.262332195272784,0.24486665468708194,2.4916656433056996,0.02622805940321789,0.41143810302600303,0.004330927400273716,0.7207085159345149,0.5194207649405309,16.261939874877886,39.07581499379519,59.478714719937585,2458577,5082235,Republican
472016,Tennessee,47,2016,0.1621864350010267,1.037453371695904,0.004112215975524513,0.10411454320483877,15.50454578764233,0.16320574513307717,1.68906505499091,0.017779632157799055,0.3255283968987408,0.003426614704197272,0.8330545799675245,0.6939799332048687,16.261939874877886,34.71633279865009,60.722033694214616,2508027,5082235,Republican
472020,Tennessee,47,2020,0.1889815450476805,1.1524391059463772,0.005462705560342939,0.15138033530540243,15.557030810921168,0.16375821906232807,1.7223548627085865,0.018130051186406173,0.3727589426858443,0.003923778344061519,0.7805542527274575,0.6092649414509196,16.261939874877886,37.4514342710237,60.66029416628381,3053851,5082235,Republican
322000,Nevada,32,2000,0.256542420420829,0.4098977851708804,0.002250249609995448,0.0916634069947723,4.664151421646635,0.27436184833215504,1.1797525520055,0.0693972089415,0.4016884677361342,0.02362873339624319,0.5439513536341931,0.295883075120471,9.515976797012481,45.975663825804226,49.52214394797773,608970,2071285,Republican
322004,Nevada,32,2004,0.2583136687587207,0.4270045800256336,0.002404130531154505,0.09657471039272301,4.844425108379344,0.28496618284584374,1.2323813473615974,0.07249302043303514,0.4461792057550468,0.026245835632649813,0.445154909567662,0.19816289351219335,9.515976797012481,47.87804051895702,50.4696915453111,829587,2071285,Republican
322008,Nevada,32,2008,0.29236899006714046,0.48866746775673486,0.0032535951469844864,0.12543543079815916,5.85924306675008,0.34466135686765176,1.4803785600608554,0.08708109176828562,0.5281719716671501,0.03106893950983236,0.4036070244588022,0.16289863019248815,9.515976797012481,55.1466759243187,42.65411510898405,967848,2071285,Democrat
322012,Nevada,32,2012,0.28207584021759574,0.48707779435843823,0.0030563973488467,0.11850375164899403,5.079678152624301,0.2988045972131942,1.3031320802323951,0.07665482824896441,0.4836012470260902,0.028447132178005305,0.427451810059335,0.18271504992300183,9.515976797012481,52.35624947040056,45.67531564126363,1014918,2071285,Democrat
322016,Nevada,32,2016,0.2621546334774153,0.48556478146981197,0.0027472636127331197,0.10836063141088481,3.8490485505008074,0.22641462061769455,1.0259247986808007,0.06034851756945886,0.43962539699532976,0.025860317470313515,0.4495759603152452,0.20211854409337493,9.515976797012481,47.91782367811904,45.50069531760242,1125385,2071285,Democrat
322020,Nevada,32,2020,0.26831878375987855,0.5070476006208207,0.0030256660695354605,0.1168163843138392,4.204261253269087,0.2473094854864169,1.1208593081440614,0.06593290047906243,0.4839464412730139,0.028467437721941994,0.39037717073780387,0.15239433543325248,9.515976797012481,50.061107073686514,47.66195153999079,1404911,2071285,Democrat
452000,South Carolina,45,2000,0.07415861306106897,0.2695617513106385,0.0008041531533952606,0.02554103977429044,5.250218902082779,0.11413519352353868,0.9004559212352036,0.019575128722504425,0.2869854330977236,0.006238813762993992,0.9176803807062082,0.8421372811330912,26.356831792731093,40.90536264152389,56.83184501549021,1383777,3849685,Republican
452004,South Carolina,45,2004,0.0731417086747036,0.314071262236848,0.000601688783558273,0.021818354433527636,4.890009333464881,0.10630455072749741,0.8341914722459997,0.018134597222739125,0.24168968173278588,0.005254123515930128,0.9555501078888778,0.9130760086864461,26.356831792731093,40.90293188603784,57.98087443516532,1617730,3849685,Republican
452008,South Carolina,45,2008,0.09860934216346162,0.4731209459848623,0.0012557226978830711,0.04876114916048452,6.294701811528266,0.13684134372887535,1.0137808040786065,0.02203871313214362,0.27910703428722744,0.0060675442236353795,0.9511988713403785,0.90477929283921,26.356831792731093,44.89656001736624,53.873643978637865,1920969,3849685,Republican
452012,South Carolina,45,2012,0.0989358013360313,0.4923707236050861,0.0016840318314955084,0.06592589406593763,6.304045545755652,0.13704446838599244,0.9856492282162986,0.021427157135136928,0.24753372430085868,0.005381167919583885,0.9688536222269283,0.9386773413022395,26.356831792731093,44.08803340736147,54.561131255861405,1964118,3849685,Republican
452016,South Carolina,45,2016,0.05601893367886057,0.3196469293470832,0.0010537667617095399,0.04438551444517152,4.321813125385471,0.09395245924751024,0.7398144648212273,0.016082923148287548,0.25000419113480515,0.005434873720321851,0.9494959381216513,0.9015425365095148,26.356831792731093,40.67341978966509,54.93933268569543,2103027,3849685,Republican
452020,South Carolina,45,2020,0.05957711931961074,0.3309217771747274,0.0011680632994180516,0.041397485143081864,4.720206242819115,0.10261317919171989,0.8604328886684061,0.018705062797139262,0.29870462740902365,0.006493578856717906,0.8954028098534079,0.8017461918933781,26.356831792731093,43.430088142061784,55.11029395674024,2513329,3849685,Republican
282000,Mississippi,28,2000,0.10067145927829235,0.6085396705451254,0.002610063932403703,0.07187939204520057,7.156979885444851,0.08728024250542502,1.0582958753243692,0.012906047260053283,0.36374160652074283,0.0044358732502529615,0.8693849710086899,0.7558302278157807,36.66557200526331,40.702926649821194,57.615340236359295,994926,2238135,Republican
282004,Mississippi,28,2004,0.12718933477084027,0.6593101637998321,0.0025253324583922694,0.08753410946897208,5.957533947455135,0.07265285301774556,0.887778320987619,0.010826564890092915,0.31072931077832494,0.00378938183876006,0.9045517927243769,0.8182139457208841,36.66557200526331,39.46992399935777,59.764956824136505,1114859,2238135,Republican
282008,Mississippi,28,2008,0.10880458305461183,0.44213235853060384,0.001545896030588509,0.04199853052017702,4.610768789881792,0.05622888768148527,0.6736810962423443,0.008215623124906637,0.20806764137239592,0.0025374102606389747,0.968011883518745,0.9370470066335084,36.66557200526331,43.155659676376516,56.369727813615775,1285259,2238135,Republican
282012,Mississippi,28,2012,0.11130395256933268,0.4851788060889972,0.0016232431956866593,0.05799906168664569,4.6308728878365315,0.056474059607762576,0.6608903160815216,0.008059638000994166,0.19339183782925884,0.0023584370466982786,0.9735075455775809,0.9477169412964858,36.66557200526331,43.78935954398935,55.285846743581125,1285584,2238135,Republican
282016,Mississippi,28,2016,0.06457766008327792,0.4229345140675481,0.0012085530847737445,0.04258537254736865,2.875265842393632,0.035064217590166244,0.44178415262625953,0.005387611617393409,0.17904516806690218,0.0021834776593524655,0.9765013599819078,0.9535549060465155,36.66557200526331,40.11478827178409,57.94103808883564,1209357,2238135,Republican
282020,Mississippi,28,2020,0.07368049247109709,0.48599030715130714,0.0015312382537379157,0.05426918249800288,3.28108857955626,0.04001327536044219,0.5058083919564562,0.006168395023859222,0.20327288317651987,0.002478937599713657,0.9689261174032331,0.9388178209861038,36.66557200526331,41.05760645597861,57.60295457538255,1313759,2238135,Republican
362000,New York,36,2000,0.43142789435412665,1.3397106156055565,0.011058570535208442,0.3268798066065301,26.271750943773927,0.42373791844796654,3.371396056030146,0.05437735574242171,0.6676616903368645,0.01076873694091717,0.8533862922574225,0.7282681638128709,14.323580159465301,60.2125124908403,35.22976183373817,6821999,13764750,Democrat
362004,New York,36,2004,0.4868707225359865,1.2742718355877685,0.00975075808939382,0.27744742296629543,24.791776167318467,0.3998673575373946,3.188763205732489,0.051431664608588536,0.6644021716918888,0.010716164059546594,0.7848753870975469,0.6160293732715241,14.323580159465301,56.56520953219548,37.97834295489834,7391036,13764750,Democrat
362008,New York,36,2008,0.4435790981048347,1.38644906278402,0.011860067476214186,0.34864827295673534,28.725691633460407,0.46331760699129687,3.6891198673764802,0.05950193334478194,0.7273559873445595,0.011731548182976767,0.7633143023239783,0.5826487241323418,14.323580159465301,62.83169018787858,36.124539979210226,7591233,13764750,Democrat
362012,New York,36,2012,0.45107227401899197,1.3673868246360006,0.011611699152121957,0.3512718600449661,27.234820365316114,0.43927129621477606,3.502093949209101,0.05648538627756614,0.6839931605706232,0.011032147751139084,0.800924684439705,0.6414803501448411,14.323580159465301,61.232992420621855,31.484290756415568,7061925,13764750,Democrat
362016,New York,36,2016,0.4425863907369306,1.3960650970794304,0.01169725643029565,0.35477479389123334,23.112017242386983,0.3727744716514029,3.0266058656782495,0.04881622363997177,0.7355134384583184,0.011863119975134168,0.8099528789317266,0.6560236660897922,14.323580159465301,59.002826258475174,36.51818397550498,7707363,13764750,Democrat
362020,New York,36,2020,0.42988002651820273,1.4336398484612265,0.012038515718677806,0.34915440893567784,25.37179216423347,0.4092224542618301,3.301089355985476,0.05324337670944316,0.7297042841379993,0.011769423937709666,0.7432962572615304,0.5524893260589991,14.323580159465301,60.391884535834905,37.46129384009093,8661735,13764750,Democrat
172000,Illinois,17,2000,0.36155543277517355,1.3882910211761028,0.008605718357064605,0.17120580072182026,39.57076304468174,0.38794865730080136,3.9817646532229976,0.03903690836493135,0.5266332794852814,0.005163071367502758,0.44806392658199135,0.20076128230407214,14.522251886501037,54.596348513102676,42.58474527126352,4742123,9064400,Democrat
172004,Illinois,17,2004,0.3777671655287653,1.5151536984491192,0.009135678410474813,0.20498522701128236,37.15558793418082,0.36427046994294926,3.7606229526090162,0.03686885247655898,0.544528880617212,0.005338518437423647,0.41220670829928896,0.1699143703669351,14.522251886501037,54.82012315618772,44.48196018701846,5275415,9064400,Democrat
172008,Illinois,17,2008,0.43739743117991525,1.5288892938302556,0.010314628613917444,0.2300735114798545,43.34673363220557,0.42496797678632914,4.368923512152432,0.04283258345247482,0.5789319586860098,0.005675803516529508,0.38272846749213474,0.14648107982887804,14.522251886501037,61.91637556850371,36.78269492713357,5523051,9064400,Democrat
172012,Illinois,17,2012,0.415246556284246,1.537270582711562,0.009588569449603856,0.2233845285337634,36.55318449271019,0.35836455385009985,3.730420720992333,0.0365727521665915,0.568404388794698,0.005572592047006843,0.4379801194750242,0.19182658505535646,14.522251886501037,57.60348698589879,40.73152226934898,5241891,9064400,Democrat
172016,Illinois,17,2016,0.4220189324402278,1.6735529435821221,0.00908733137761873,0.2578398907108852,26.610706568096077,0.2608892800793733,2.8154769848707533,0.02760271553794856,0.49368863212213404,0.004840084628648373,0.48193857366968235,0.23226478879076784,14.522251886501037,55.60158144690842,38.60637015046844,5558707,9064400,Democrat
172020,Illinois,17,2020,0.4187464862490423,1.6640321701303198,0.009597472512409647,0.28138727330533,28.193375067063315,0.2764056379123854,2.9950239352635393,0.02936297975748568,0.5400711006813795,0.005294814712562545,0.4460936609758311,0.19899955436281971,14.522251886501037,57.541635840035646,40.55344409706477,6033744,9064400,Democrat
412000,Oregon,41,2000,0.31757756543134974,0.47317415124381845,0.003683222242860805,0.1477042879071936,13.051337158672425,0.36253714329645625,2.2683789804382366,0.06301052723439546,0.5861713876910595,0.016282538546973875,0.48396621273941737,0.234223295073335,1.6975006756669797,46.95938898334255,46.51837587224767,1533968,3108040,Democrat
412004,Oregon,41,2004,0.3578567607956018,0.5456341372939375,0.0047982068921388525,0.18949204259752073,14.172235116215425,0.3936731976726507,2.464619367658479,0.06846164910162442,0.6667297784195636,0.018520271622765656,0.5065617559618587,0.2566048126031617,1.6975006756669797,51.348663042211875,47.19291674243323,1836782,3108040,Democrat
412008,Oregon,41,2008,0.3834498642757259,0.5642671641055951,0.005446408631842679,0.21641015113368395,15.8715098076328,0.4408752724342444,2.7402323156345556,0.0761175643231821,0.7179159853798118,0.019942110704994773,0.5150686769481762,0.26529574197314465,1.6975006756669797,56.748806256920645,40.400981692292206,1827864,3108040,Democrat
412012,Oregon,41,2012,0.37684455557931795,0.5836654018011849,0.005417888368634766,0.21196403217646922,14.736306512935046,0.4093418475815291,2.566056604425333,0.07127935012292591,0.7047053679869959,0.019575149110749885,0.5317205630574469,0.28272675717812834,1.6975006756669797,54.239326652769,42.14987117651333,1789270,3108040,Democrat
412016,Oregon,41,2016,0.36652317822717445,0.6113454752090834,0.0053699318114952665,0.20929205147552632,12.367963336893906,0.34355453713594186,2.216938723675195,0.061581631213199865,0.6840626132827089,0.019001739257853024,0.583147788322975,0.34006134302597724,1.6975006756669797,50.07185200286208,39.094035184496754,2001336,3108040,Democrat
412020,Oregon,41,2020,0.3960335073836591,0.6901018478014802,0.006541716472851771,0.24805547125218624,14.28954866117302,0.3969319072548061,2.548494607884229,0.07079151688567303,0.7430832715956782,0.02064120198876884,0.5603461093990426,0.31398776231864384,1.6975006756669797,56.45331865404888,40.367246046343354,2374321,3108040,Democrat
222000,Louisiana,22,2000,0.16503478389679316,0.6798692897797425,0.0035687693799949095,0.06888611610638341,8.161741075025668,0.12752720429727607,1.1985571672890665,0.018727455738891664,0.32411582958439283,0.005064309837256138,0.7581591972333542,0.5748053683495241,31.487051129367593,44.87533245433992,52.551063174253656,1765656,3467870,Republican
222004,Louisiana,22,2004,0.0967218896110571,0.6177789092967015,0.003512295347119261,0.07599091488464843,6.398474631701053,0.09997616612032895,0.9686273015785143,0.015134801587164286,0.2756726750261233,0.004307385547283177,0.795892262465538,0.6334444934525129,31.487051129367593,42.21586470321228,56.72202134108999,1943106,3467870,Republican
222008,Louisiana,22,2008,0.10873645916267083,0.6038534941924901,0.0032408817120421836,0.09976383927637318,4.2857135288000014,0.06696427388750002,0.6377563875794254,0.009964943555928522,0.21114775867357127,0.003299183729274551,0.9286788120010739,0.862444335859726,31.487051129367593,39.894848870773856,58.59955030026772,1959085,3467870,Republican
222012,Louisiana,22,2012,0.12325189228552291,0.693072629614206,0.0035668348119332707,0.11015433070060665,4.372824387288681,0.06832538105138564,0.6379810415683225,0.009968453774505039,0.22088721818023482,0.003451362784066169,0.933398686047573,0.8712331071153359,31.487051129367593,40.57746362330215,57.78457572847425,1994065,3467870,Republican
222016,Louisiana,22,2016,0.12360761126459929,0.5738286360592997,0.0031822174551445538,0.11038245627073677,3.011574000494149,0.04705584375772108,0.4781674306185021,0.007471366103414095,0.22601891077549974,0.0035315454808671834,0.9315039281926651,0.8676995682383658,31.487051129367593,38.44956609851397,58.0886846535688,2029032,3467870,Republican
222020,Louisiana,22,2020,0.14697352089725113,0.5972328336483248,0.0035340640799719856,0.12467763551508626,3.2398231300248788,0.05062223640663873,0.5390444344454028,0.00842256928820942,0.24938482040815158,0.0038966378188773684,0.9078389952947252,0.8241716413777361,31.487051129367593,39.85145680152621,58.46088241400853,2148062,3467870,Republican
392000,Ohio,39,2000,0.3426449510430343,1.3193542295374852,0.007346661566681254,0.168942924358048,31.762492463109435,0.3609374143535163,3.4491414408478143,0.039194789100543345,0.5215558130182668,0.005926770602480305,0.5338719977659993,0.2850193099986591,11.641635475312201,46.460736969862864,49.96770770618029,4705457,8855285,Republican
392004,Ohio,39,2004,0.3821124909288399,1.4414667964348746,0.008436118513037884,0.21001834053717003,32.72136705622212,0.37183371654797864,3.5682487782975887,0.04054828157156351,0.6054670761226181,0.006880307683211569,0.5345371218531804,0.2857299346390818,11.641635475312201,48.704794182199294,50.81611289471349,5625631,8855285,Republican
392008,Ohio,39,2008,0.4053823700975532,1.4424109618080276,0.00894136012097238,0.2178276516699963,34.96921223247493,0.39737741173266966,3.788834841329656,0.043054941378746096,0.6395062274300936,0.007267116220796518,0.5768764912705198,0.33278648618058604,11.641635475312201,51.48057720819481,46.93696858994519,5698048,8855285,Democrat
392012,Ohio,39,2012,0.41062863977397246,1.4551269740135235,0.009178945905331201,0.21512452603958604,33.616926987548126,0.38201053394941054,3.656267507605794,0.041548494404611294,0.6355462467847193,0.007222116440735446,0.5996386918584677,0.35956656077373444,11.641635475312201,50.66674765831986,47.68844087842257,5580822,8855285,Democrat
392016,Ohio,39,2016,0.37605535100895326,1.572988698078412,0.008631919426461769,0.2525469381901831,23.300773766699425,0.2647815200761298,2.568984339549135,0.0291930038585129,0.5291506639606154,0.006013075726825175,0.7820874037085105,0.6116607070395187,11.641635475312201,43.55807627672002,51.68765067578619,5496487,8855285,Republican
392020,Ohio,39,2020,0.3816404369329657,1.6392024538787293,0.009455905841996173,0.284704921663059,23.741343761075818,0.26978799728495245,2.632666637783619,0.029916666338450217,0.540028617847811,0.006136688839179671,0.7786244813028781,0.606256082884176,11.641635475312201,45.239338340705025,53.27130010087464,5922202,8855285,Republican
372000,North Carolina,37,2000,0.1362530709233657,0.7725010372585849,0.0038203846006254045,0.07531739237540401,22.68168369920101,0.2268168369920101,2.5031047808598745,0.025031047808598744,0.5092770894701282,0.005092770894701282,0.7735683867773746,0.5984080490213498,21.663785765730374,43.20092111256218,56.02941267395377,2911262,7636500,Republican
372004,North Carolina,37,2004,0.11938515809028516,0.8434263597704991,0.0042845835716715085,0.0874916356024937,21.320520472773495,0.21320520472773496,2.4237568785397823,0.024237568785397824,0.5515052857989919,0.005515052857989919,0.7188264071709247,0.51671140364626,21.663785765730374,43.5831462205017,56.01719733779452,3501007,7636500,Republican
372008,North Carolina,37,2008,0.15406961237675065,1.1834067542875932,0.006428600729530462,0.15714305719669774,25.013186788141443,0.25013186788141445,2.725133750306372,0.027251337503063723,0.6009108161548605,0.006009108161548605,0.7564210715705763,0.5721728375159788,21.663785765730374,49.70438126291962,49.37550875257406,4310789,7636500,Democrat
372012,North Carolina,37,2012,0.15634045660284734,1.1485902803035735,0.006340339900747922,0.16488511301912184,23.322552828261244,0.23322552828261245,2.532251735354896,0.02532251735354896,0.5848646651593681,0.005848646651593681,0.801075503513402,0.6417219623292505,21.663785765730374,48.350968577067555,50.39306410214295,4505372,7636500,Republican
372016,North Carolina,37,2016,0.17492468797653682,1.1667921198042643,0.0068294920833946605,0.18314442870049866,18.8039175921965,0.18803917592196498,2.139621821503452,0.02139621821503452,0.6103863419149119,0.006103863419149119,0.7846292119209147,0.6156430001996357,21.663785765730374,46.172866168209474,49.828094696180415,4741564,7636500,Republican
372020,North Carolina,37,2020,0.2627026654970228,1.345645379041216,0.007917110199359248,0.23038348989293433,19.697161408728856,0.19697161408728855,2.2976026940720304,0.022976026940720304,0.6308266651326521,0.00630826665132652,0.7025365071396804,0.49355754386402223,21.663785765730374,48.58621177736324,49.93433248829551,5524802,7636500,Republican
